,Name,Email,SSN,Phone Number,Date of Birth,Income
0,Juan Bowen,juliawhitaker@example.net,119-11-4145,(676)793-6070,1993-03-19,40170.38
1,Melissa Hall,markmcfarland@example.com,123-03-3851,001-359-441-6724x128,2003-07-05,41175.47
2,Maria Baldwin,shawnevans@example.org,518-01-5032,537.643.1238x09772,1960-09-16,24304.28
3,Connie Murray,phillip13@example.com,609-50-1959,393-223-2852x2015,1999-04-28,94270.18
4,Kaitlin Berg,sabrina16@example.net,102-91-5689,001-413-308-7153,1960-01-27,45188.14
5,Scott Alvarado,noconnor@example.org,704-82-0131,(963)862-9841,1975-01-02,43963.66
6,Dustin Gamble,chadkim@example.com,221-59-0605,839.612.9347x565,2002-01-09,96278.52
7,Elizabeth Nicholson,michelle40@example.net,400-60-9595,651-690-3038,1987-10-29,56487.78
8,Joseph Cain,charlescowan@example.com,881-10-4524,336-544-7496,1960-10-08,32987.56
9,Jacob Randall,wadescott@example.org,277-88-2227,001-597-379-7093x409,1982-09-21,92518.08
10,David Perez,crystal69@example.net,725-10-5635,341.501.0591x010,1994-03-03,94540.15
11,Lisa Martin,bakerlori@example.com,237-10-7134,796.410.1716x63688,1999-12-25,88756.86
12,Natalie Taylor,jpierce@example.net,491-83-7211,826-314-4864x47230,1997-02-19,12099.36
13,Justin Martin,brianward@example.org,259-93-6553,228-867-3731,1985-07-10,92369.31
14,Scott Sloan,xthomas@example.org,786-19-2185,(520)571-8871,1977-04-04,29645.93
15,Danielle Adams,scott77@example.net,492-56-5925,(404)840-9894x8808,1974-07-28,45318.69
16,Toni Davies,efowler@example.net,886-51-1631,(233)524-2655x363,1985-10-26,63619.29
17,Shannon Ford,msolis@example.net,733-35-2695,001-585-806-6217,1965-06-09,76359.84
18,Austin Higgins,nicole95@example.com,414-60-3114,771.583.6436x233,1982-04-16,49673.42
19,David Ray,amywilliams@example.net,725-88-1006,001-838-899-2402x15373,1959-03-30,81420.94
20,Jamie Lopez,max94@example.org,507-90-9070,(298)567-8855,1959-12-14,93604.36
21,Corey Byrd,walkershane@example.org,621-74-8753,+1-821-950-1584x8336,1966-12-16,25641.70
22,Arthur Collins,john33@example.org,507-45-1546,(486)710-6640x8083,1969-09-04,92207.23
23,Lindsey Martin,jacquelineherrera@example.org,503-14-6615,(906)502-3268x72107,1999-10-23,59999.68
24,Regina Craig,melissadoyle@example.com,491-63-5304,(977)394-6787,1986-03-19,54915.13
25,Erika Jimenez,kjackson@example.com,728-61-9126,+1-247-568-5700,1986-06-03,62639.98
26,Julie West,robertgrimes@example.org,043-99-8053,352.412.4357x0565,1959-01-31,95915.21
27,Heidi Barr,lanceblair@example.net,192-02-3538,001-806-545-1653x15541,1958-10-26,39786.10
28,Charles Roberts,deborahthomas@example.com,401-19-7256,(946)834-0813,1980-12-24,77575.09
29,April Gardner,wreeves@example.com,118-32-2873,204-817-8098,2005-02-23,76141.40
30,Jonathan Hill,taylorpatricia@example.com,847-88-8480,(422)597-2980x389,1987-05-18,64127.55
31,Virginia Robinson,laurenpham@example.org,721-89-2977,758.387.8591x679,1968-06-30,54714.71
32,Susan Rodriguez,ericagutierrez@example.org,473-62-5357,001-480-782-1803,1991-05-24,92815.21
33,Jon Stephenson,shieldscynthia@example.net,165-24-8496,274.512.2978x7509,1974-05-07,60579.40
34,Eric Lewis,yorkjames@example.org,869-43-4022,752.847.5670x7944,1987-06-23,59650.74
35,Stacy Velazquez,cparker@example.com,774-88-1509,990-611-1868,1984-05-04,27075.49
36,Eric Johnson,christopherobrien@example.org,067-26-1399,(421)490-5132x347,1976-08-22,92935.29
37,Mary Myers,kimberly51@example.com,287-70-6092,725-590-7531x5894,1978-08-02,56626.28
38,Jason Russell,kimberly46@example.net,110-84-1190,672-697-8026,1986-07-16,42191.54
39,Mr. Travis Mitchell,rayramirez@example.org,092-84-8977,(922)978-0389,2003-08-10,25366.57
40,Natalie Davis,xashley@example.com,763-17-0626,(715)988-3956x243,1980-02-06,87654.37
41,Michele Hoover,mmoreno@example.net,270-30-1369,(308)234-6875x008,1992-03-18,45163.42
42,Alice Holland,andersondanielle@example.com,151-29-2825,407.932.3520x6737,1969-10-31,53762.63
43,Susan Wiggins,jennygutierrez@example.com,246-38-4769,659-963-5966,2002-03-13,24482.56
44,Denise Robertson,wlawson@example.org,024-28-4185,+1-766-971-7338x159,1992-01-08,33248.25
45,Tammy Watkins,ryanjohnson@example.com,018-54-1664,+1-255-881-2264x6035,1987-04-26,99921.78
46,Alison Vargas,timothyliu@example.org,065-57-3997,621-559-8989,1974-08-05,56330.11
47,Bryan Tran,dixonaaron@example.org,548-05-6858,9838113141,1999-01-26,66679.63
48,Michael Duncan,taramoreno@example.net,890-79-2682,458.287.0591x9068,1961-04-10,28942.68
49,Tamara Owens,brittneymyers@example.net,482-46-4096,+1-446-925-5808x8586,1980-02-17,40425.24
50,Michael Blair,drakejeffrey@example.com,192-49-5672,944.366.2110,1983-08-29,75531.17
51,Michael Wilson,qjohnson@example.net,018-89-5953,(999)369-6179x132,1974-05-10,81870.31
52,Nicole Bean,mcknightjohn@example.com,829-94-9382,340-313-5613,1968-04-27,29836.21
53,Diana Williams,wellsmaria@example.com,542-02-1748,(475)457-3502x82662,1969-07-31,97892.16
54,Danielle Patterson,garygaines@example.com,642-50-7590,(740)725-3723x9198,1978-02-13,45690.16
55,Natalie Cochran,krausetamara@example.org,591-22-9254,(876)633-8778x3261,1996-05-25,52415.19
56,Brenda Bailey,gibbsstephen@example.net,027-95-7055,(719)226-7627x436,1969-11-07,47726.48
57,Heather Fischer,megan96@example.com,215-12-1842,2723776007,2000-07-21,33314.00
58,Sara Barton,hector52@example.net,094-33-0663,610.812.3882,1998-12-09,23420.72
59,Carolyn Anderson,brianna27@example.net,110-81-4053,+1-678-925-2644,1971-09-10,41394.29
60,Damon Tucker,sphillips@example.org,788-97-1748,001-912-787-0689,1992-04-30,93815.07
61,Jerry White,mark27@example.org,040-63-3304,(606)745-3995x939,2000-12-28,66982.11
62,Stacy Graham,chentammy@example.com,864-10-0423,(520)569-1202,2002-12-27,36680.21
63,David Barnes,caseydavenport@example.com,162-85-6296,678-971-1227x742,1973-01-16,34971.18
64,Holly Odonnell,jhenderson@example.com,384-51-4804,(648)905-4071,1960-09-27,99673.56
65,Brooke Jackson,susanharrison@example.com,397-87-0210,977-777-9066x7714,1989-12-11,35331.12
66,Dr. Benjamin Hardin,martineznatasha@example.org,513-40-1123,4765779204,1960-11-04,77101.46
67,Bianca Steele,juliemurphy@example.com,663-95-3987,573-633-4942x6682,1975-12-24,95164.66
68,Jennifer Green,samantharogers@example.com,425-36-4837,001-865-891-6392x6844,1994-08-11,46993.73
69,Stephen Estrada,rgoodman@example.net,899-23-2005,976-621-2283,1995-06-07,75167.09
70,Brandy Alvarez,jjames@example.com,784-40-1336,7058702827,1992-01-10,53410.54
71,Kristin Lowe,boyerrobert@example.net,459-10-8118,(531)230-8284x8395,1985-11-25,73445.48
72,Amber Soto,emily65@example.org,336-59-8080,521.608.9022x718,1996-10-18,75390.04
73,Jose Huff,ryan48@example.net,899-64-2859,839.611.8854x8084,1966-03-26,48081.52
74,Jessica Williams,raymondkelley@example.net,383-79-4891,(505)980-6137x071,1963-10-08,62694.85
75,Justin Santos,allisonsarah@example.net,307-64-6513,001-590-964-3028,1979-05-22,29666.74
76,Michael Diaz,kristinawolf@example.net,221-18-0063,2332117792,1971-02-17,16266.61
77,Robert Willis,katherine04@example.com,572-05-7790,488-987-6509x128,1996-12-11,89360.21
78,Lawrence Johnson,rogerschristopher@example.net,629-80-6674,951.878.3336x737,1961-01-12,54572.38
79,Clifford Hernandez,meganjohnson@example.org,158-55-4450,493-408-5540x074,1998-04-06,85283.83
80,Alexis Holland,torreschristopher@example.org,719-37-6107,(577)843-0280x1731,1963-04-20,16554.75
81,Angela Ryan,santoskenneth@example.net,435-98-3293,693-614-8714,1975-04-14,56575.77
82,Ana Perry,anne39@example.com,133-43-4298,(599)853-0821x9919,1987-05-16,64852.38
83,Steven Thompson,ismith@example.net,615-72-4607,380-303-2955,1996-01-29,81287.51
84,Sara Fox,geralddavies@example.com,170-40-9617,+1-942-612-5484x86934,1987-04-14,25651.58
85,Jonathan Garrett,karen37@example.net,502-23-2345,393-556-7685,1980-04-02,21533.96
86,Victoria Sherman,danielle09@example.com,628-14-6653,999-886-7115x365,1976-01-02,12412.46
87,Brian Collins,tinajohnson@example.com,720-07-4980,779-558-4021,1962-03-08,81769.09
88,Carolyn Riley,brad18@example.com,127-06-1724,+1-221-631-0301x0283,1968-09-01,11711.76
89,Rachel Cox,ychavez@example.net,488-45-8114,+1-233-217-0700,1978-03-16,75848.83
90,Fernando Schwartz,lauragarza@example.org,119-75-7358,(412)302-9687,1980-07-23,40490.32
91,Vincent Roberts,mowens@example.org,276-31-1062,001-939-284-8532x514,1963-02-19,54488.85
92,Katherine Brown,mikecordova@example.com,490-26-1919,(236)691-9471x095,1981-02-19,70427.54
93,Adrienne Ferguson,lisa80@example.org,787-76-5226,+1-831-928-8596x32273,1976-07-19,65315.53
94,Elizabeth Stout,lewiskathleen@example.com,510-67-1191,867-835-2207x85510,1999-11-11,71132.21
95,David Williams,ymann@example.com,475-09-2637,(903)492-5052,1993-01-31,91522.93
96,Jennifer Williams,anthonycarter@example.org,363-04-0194,(367)240-3053x5357,1989-05-14,65295.91
97,Sandra Cox,michaelwilliams@example.com,602-75-2118,(389)761-9211,1976-03-10,18958.48
98,Mary Thompson,crawfordrachel@example.net,417-89-1141,660-933-1009,1986-06-16,72963.69
99,Michael Ross,jamesmiller@example.com,266-59-0387,+1-286-417-8105x6562,1998-03-12,40319.94
100,Richard Mejia,marygriffin@example.net,780-13-4448,364-741-1806,1998-01-23,70017.80
101,Michael Case,emily12@example.net,867-08-5328,696-383-2538x94416,1990-02-02,57155.71
102,Alexis Norman,ashleymaxwell@example.com,210-81-0517,834.755.7580x1785,1990-07-03,64063.09
103,Tony Byrd,tyler93@example.org,291-17-7739,858-282-1698x356,1966-12-16,68624.94
104,Gregory Collins,emilynorris@example.com,698-13-4313,001-932-387-4934,1970-09-18,64376.30
105,David Gomez Jr.,myerseric@example.org,660-30-6539,576.681.0052,1962-08-28,25890.07
106,Rachel Ward,snydercassandra@example.net,006-76-8269,+1-455-721-3596x7176,1996-08-26,36093.23
107,Rhonda Kim,gregory24@example.net,795-36-7912,9053286669,2002-09-28,68106.76
108,Joy Jones,haley37@example.net,674-12-2298,+1-918-560-2698x586,1970-09-05,37425.13
109,Charlotte Vargas,stuart84@example.org,635-63-9744,460-436-5997,2005-06-01,22734.20
110,Michael Gibbs,alexa27@example.org,189-57-0447,436-840-6480x270,1985-11-30,11837.21
111,Garrett Johnson,sullivanmichael@example.net,606-18-5818,(770)621-4864,1989-08-01,16662.64
112,Erin Berry DVM,carrollbrett@example.org,801-34-6300,484-828-3517x546,1969-07-31,50176.68
113,Deborah Flores,ucallahan@example.org,121-07-6222,(409)251-1348x32156,1961-09-16,46760.49
114,Brian Jackson,foxjames@example.org,002-31-6646,(677)270-3308,1975-01-30,29801.30
115,Jeremy Crawford,ibridges@example.com,172-10-3979,+1-446-205-3568,1970-12-28,39770.58
116,Melissa White,williamsgloria@example.net,814-03-2835,747-595-8886,1989-11-23,51650.77
117,Amanda Wilson,victor69@example.com,082-43-1115,5556265516,1989-10-26,96255.43
118,Rhonda Terry,candice73@example.com,850-60-1360,752.349.6391x71538,1993-01-22,83833.68
119,Nicholas Beck,radams@example.net,759-86-0421,(663)849-4121x84577,1969-05-18,52631.14
120,Julie Merritt,jacquelinecross@example.net,096-86-9514,(602)701-7337,1959-09-01,59336.66
121,Laura Ortiz,gsmith@example.net,731-89-4551,526.959.4171x438,1959-02-19,22377.36
122,Joseph Vaughan,tmartinez@example.com,426-39-1009,766-857-9361x821,1976-11-14,77963.02
123,Michael Calderon,gharrington@example.org,401-57-2911,+1-877-666-2897x886,1976-12-05,57797.18
124,Brandon Morris,joseph96@example.org,812-43-5780,687.597.8056x2289,1959-09-12,75665.55
125,John Anderson,sbrown@example.net,397-07-1373,494.255.5170,1968-08-21,49520.22
126,Devon Rivera,hughesjennifer@example.net,363-71-2690,(980)699-5448x68200,1996-01-03,26856.37
127,Jacob Cordova,deborahwolf@example.org,817-43-8210,+1-383-411-2082,1997-05-14,26196.86
128,Austin Ortiz,uyates@example.org,862-73-3436,001-753-219-9362x1330,1970-04-19,28319.23
129,Michelle Summers,sally32@example.net,598-15-7845,874-656-8867x21527,2001-04-20,19624.01
130,Melinda Fletcher,hbarrera@example.net,208-84-9822,828-919-6879x8384,1963-03-04,23253.02
131,Dawn Mejia,dpotts@example.org,293-69-7000,(917)674-5461x518,1999-09-11,50538.45
132,Deanna Anderson,michaelgarrett@example.org,338-65-6283,2705741626,2004-05-20,42360.88
133,Carlos Mack,brittanyanderson@example.org,206-58-4286,284.259.1184,1965-07-09,25209.95
134,Amber Coleman,huntsteven@example.net,371-75-8839,(836)906-7072x30011,1968-07-07,68675.76
135,Kimberly Gutierrez,jasonleonard@example.com,157-33-6506,816.493.7100x129,1959-11-17,48218.48
136,Colin Ferguson,ebrown@example.com,026-81-6677,(301)868-7696x604,1996-10-11,19583.57
137,Michael Diaz,barbara03@example.com,386-25-6941,+1-495-666-1861x939,1960-07-31,12238.52
138,Kevin Lara DVM,petercook@example.com,165-75-9811,721-413-1191x499,1959-04-22,14224.56
139,Michael Allen,nmassey@example.com,011-90-8911,+1-217-220-1212x4871,1979-03-10,98847.96
140,Jacob Bautista,brownmegan@example.net,173-82-6655,692-983-8307x2697,1969-07-21,67855.56
141,Christopher Whitehead,michelle56@example.org,310-84-0194,(548)364-0714x06913,1978-04-20,76357.54
142,Laurie Butler,charles09@example.org,549-34-1581,697-835-6405x7418,1981-12-31,41984.18
143,Bryan Palmer,hansondevon@example.org,290-35-7962,2217195622,1961-03-30,74584.60
144,Billy Carpenter,dberg@example.net,569-99-0804,001-449-236-8353x6956,2004-07-30,26512.12
145,Joseph Lopez,isingh@example.org,603-65-4220,414-923-7902x63561,1958-12-11,93451.41
146,Kyle Hogan,sean31@example.org,802-06-6395,001-979-525-0498x8275,1995-06-27,49817.94
147,Douglas Hernandez,raymond73@example.net,098-10-6007,8434431042,1997-12-26,73515.01
148,Amy Sherman,sanchezbelinda@example.org,696-26-8302,+1-244-587-6012x6604,1986-07-16,39363.60
149,James Murphy,gabriellebaker@example.org,057-45-2776,7302475979,1974-06-17,63211.00
150,Paula Olson,whitecathy@example.com,799-03-4625,989.953.3436,2001-05-31,71511.99
151,Tanya Davis,jenniferevans@example.com,243-68-4424,303-204-3307,1980-07-07,77696.58
152,Jessica Lewis,kimberlylivingston@example.net,051-64-0598,945-454-9555,2002-07-12,81980.81
153,Kelsey Griffin,barneswilliam@example.com,285-06-1395,(390)781-5215x0850,1994-06-23,69799.09
154,Lauren Cook,davidmichelle@example.org,374-75-5439,930.211.4730,1967-04-28,78877.06
155,Grace Cooper,douglas40@example.org,323-14-9439,656-494-8388x511,1960-07-05,82785.81
156,Jennifer Woods,martinezkristin@example.net,427-89-5299,(261)324-4849,1984-04-11,74712.83
157,Nicole Green,jodianderson@example.net,737-65-4533,+1-858-419-1646x1825,1963-03-21,55672.03
158,Lisa Rangel,kelli80@example.net,585-40-0189,930.884.8756x80932,1982-09-27,78896.23
159,Amy Klein,william23@example.net,452-89-3690,511-577-0902x23435,1985-05-06,48011.32
160,Kellie Young,fryamanda@example.com,123-71-7025,(240)294-5308,1991-11-23,62248.90
161,Susan Smith,uross@example.org,432-88-5741,852.508.1544x124,1999-04-19,79817.10
162,Michael Williams,nowen@example.org,866-47-3932,4267937030,1992-10-28,42373.02
163,Joshua Braun,judy26@example.org,815-12-5008,+1-616-266-1118,1987-03-16,86227.58
164,Susan Santos,emmagriffin@example.org,455-32-3658,001-820-204-3866x42972,1963-04-15,75179.87
165,Jeffery Sheppard,kenneth83@example.org,419-59-0580,929-703-6447x35327,1964-09-19,84064.91
166,Kevin Thornton,bucknicole@example.com,832-10-9647,+1-573-998-4188,1966-02-02,57625.69
167,Janet Clark,richard80@example.org,601-62-5464,(859)791-5197,1960-03-30,98117.78
168,Stephen Huerta,taylor90@example.net,080-95-2453,567-441-5773,1987-07-08,23489.69
169,Scott Rios,vanessajackson@example.net,606-38-2745,(582)784-7312,1985-09-30,15378.38
170,Jodi Hughes,kristinamoore@example.com,218-71-0240,896.782.7858x833,1976-11-27,79736.72
171,Tiffany Simmons,schneidermelissa@example.org,237-93-0513,352.836.5061,2005-04-11,74148.96
172,Jessica Elliott,marycombs@example.org,848-99-9722,001-658-658-7282x6394,1998-12-26,30704.76
173,Michael Soto,kenneth60@example.com,365-75-6118,819.697.7913x17715,1963-06-18,29864.65
174,Eric Dunn,irodriguez@example.org,627-90-7097,567.565.1312,1990-05-15,78964.48
175,Todd Garcia,vasquezdebbie@example.net,243-63-2401,888.278.3368x76196,1979-05-02,19459.65
176,Lauren Charles,marycruz@example.com,231-04-0286,391-581-6012,1961-01-16,49019.95
177,Tonya Roman,stephensonjonathan@example.net,101-14-3425,4345485561,1994-07-11,57255.47
178,Chris Rios,noblejohn@example.com,196-44-1423,417.872.5032x86083,1961-11-14,42062.14
179,Tracie Jones,tracy48@example.org,412-87-0027,+1-920-252-3927x8200,1996-10-25,85693.00
180,Amy Bailey,robert47@example.net,094-62-1785,+1-615-573-3176x67045,1960-10-14,85886.83
181,Larry Harmon,stephanie24@example.net,174-76-4049,244.752.9285,1992-10-14,65490.34
182,Tommy Mccoy,michellewoodward@example.net,326-45-0143,777.757.6240x034,1971-06-10,98103.15
183,Logan Martinez,waltonaaron@example.org,088-52-4529,285-332-2918x836,1981-08-09,73653.42
184,Michael Sexton,kaylarussell@example.org,594-08-3806,3104701645,1992-12-19,27273.21
185,Thomas Green,mackfernando@example.org,024-32-3330,230-481-6300,1961-10-03,87497.90
186,Paul Allen,mcuevas@example.org,576-90-9039,(986)597-8451,2003-09-03,77333.46
187,Michael Reyes,layers@example.com,316-88-6471,945-352-9078,1987-07-29,93194.81
188,Shannon Thompson,kathysingh@example.com,677-65-4462,+1-758-896-8520,1967-08-21,33589.63
189,Bonnie Miller,stephanie25@example.net,211-57-3838,211.336.8026x15191,1964-07-13,16525.75
190,Jessica Powers,stevecollins@example.net,512-69-0034,221.675.5247,1979-12-27,93156.47
191,Tina King,mccallsherri@example.net,220-48-4268,001-768-440-4542,2006-03-14,10360.62
192,Christian Nguyen,heather18@example.net,191-51-5071,980-890-8117x62180,1983-10-30,29605.29
193,Courtney Brooks,hsmith@example.com,311-18-4593,(408)919-5728,1986-07-03,28983.49
194,Kathleen Allen,tonysmith@example.org,704-72-1392,(652)709-4161,1977-02-16,25535.07
195,Dr. Darren Martinez,michellesmith@example.org,649-76-7918,(519)471-8174,1964-02-17,21457.91
196,Michael Mata,audreyrodriguez@example.net,734-51-6550,253.316.5465,1976-03-10,16139.01
197,Jasmine White,scott92@example.org,047-18-5786,361.497.5446x4294,1959-05-09,46606.65
198,Curtis Chang,katherine47@example.net,319-04-5809,+1-691-596-9482x401,1999-10-10,77689.28
199,Martin Garcia,robert61@example.org,006-20-6406,542.938.3254x138,1967-04-07,30648.64
200,Courtney Lloyd,leslie87@example.com,858-05-0199,805-308-6399,1981-11-23,23882.11
201,Jennifer Love,qparker@example.com,893-75-1812,(390)719-7522,1996-09-03,18007.73
202,Matthew Key,carpenterregina@example.com,245-02-1377,230.876.3777x8285,1962-03-08,90084.87
203,Rebecca Spears,gturner@example.com,850-92-6601,646.888.2068x8160,1962-11-17,10336.41
204,Andrew George,hmccarthy@example.org,391-80-9627,(342)341-5535,1964-12-23,21114.41
205,Gary Rubio,codylee@example.com,473-26-0713,+1-697-248-6689,1974-02-27,38977.15
206,Jason Griffin,qthompson@example.net,152-10-8887,001-976-607-8289x79715,1970-08-30,77988.59
207,Kevin James,fcross@example.com,458-92-6248,(708)595-2846,1987-04-16,30978.31
208,Elizabeth Durham,browntimothy@example.net,775-44-7841,258-297-2789x605,1965-03-18,69161.31
209,Robert Thompson,juanblevins@example.com,755-14-2890,+1-272-501-2683x230,1989-01-16,87169.40
210,John Love,allisonadams@example.org,170-48-9243,460-589-3077x7046,1976-12-22,13821.27
211,Sarah Roberts,solomonsharon@example.com,287-58-4046,421.309.1852,2000-05-31,43602.35
212,Benjamin Reynolds,nscott@example.com,533-53-6230,974.842.4197,1986-08-03,77792.22
213,Lauren Hernandez,martinezdonald@example.org,736-68-2070,9493089464,1994-01-26,67421.21
214,Katherine Jimenez,alisonfields@example.net,693-93-7098,634.905.3971x631,1969-08-25,73808.06
215,Ronald Mckee,calebramirez@example.org,283-91-0764,419-241-6250x65484,1980-07-07,65094.43
216,Pamela Carr DVM,sierrakelly@example.com,141-25-5662,337-674-5925,1989-04-22,19114.18
217,Miranda Smith MD,zacharyhernandez@example.org,392-96-7856,+1-519-322-8565x85296,1959-08-15,96426.24
218,Sara Ibarra,omar06@example.org,136-69-1737,832-925-5961x7018,1959-07-28,68646.37
219,Jamie Fernandez,romeromarie@example.org,636-51-0977,7289905246,2003-11-14,28117.88
220,Deborah Robinson,cruzmichael@example.net,376-26-9012,835-490-9136x19456,1982-06-25,50017.55
221,Darren Chase,ericamorrison@example.com,360-78-7980,(376)304-9967x87181,2001-07-20,17421.49
222,David Anderson,wwinters@example.net,359-76-2768,216-409-0324,1975-09-07,75066.85
223,Stephen Rose,mbarnett@example.org,593-68-5083,(207)916-1036x433,1987-04-22,64345.60
224,Stacy Scott,nicolasdiaz@example.net,603-02-1596,001-553-516-0458x08021,1965-12-07,18772.58
225,Madison Jackson,richardsonlinda@example.org,774-30-9412,416-843-1200x151,1998-02-27,79622.05
226,Victoria Page,hgoodwin@example.com,531-67-6624,+1-578-396-9601x16634,1961-08-11,90985.56
227,Xavier Goodman,emily42@example.net,774-08-2135,683-850-3924x344,1993-01-24,81633.25
228,Michael Willis,taraaustin@example.org,480-99-0771,5419379888,2002-12-18,61012.81
229,Michael Schmidt,carrillodarren@example.org,067-91-7015,225-874-5134x87639,1981-02-03,21941.74
230,Amanda Robinson,xsmith@example.org,505-18-9718,+1-644-891-6722x5144,1994-09-16,24631.27
231,Susan Leblanc,walter11@example.net,184-18-3264,(737)696-9362x9153,1974-05-13,36802.46
232,Amber Jenkins,robertfigueroa@example.org,359-50-8718,950-249-4792x553,1993-05-05,61082.66
233,Mary Garcia,ewells@example.net,637-60-5253,315-712-1068x64495,1986-08-18,31806.41
234,Paul Thompson,pricekylie@example.org,148-65-5147,+1-248-950-7377x9844,1981-07-14,21623.07
235,Angela Smith,deleonhannah@example.com,521-50-7240,(714)374-0910,1968-03-15,65802.80
236,Sharon Mullen,nenglish@example.org,694-03-7633,+1-407-425-8131x198,1991-08-15,14926.75
237,Stephanie Bradley,regina62@example.net,188-53-5327,+1-627-841-5270x774,2002-05-25,87489.31
238,Mark Kim,dwayne15@example.com,276-07-0538,781.541.7509,1970-02-21,31879.26
239,Bob Miller,fwilson@example.com,553-31-9595,(836)635-2600,1959-10-26,59677.31
240,Debra Powers,osilva@example.org,265-46-8928,001-600-680-4218x49241,1977-10-23,15153.96
241,Carl Brown,zacharycoleman@example.org,702-11-8401,7153636613,2004-05-20,50397.53
242,Devon Hayes,suzannewilliams@example.org,715-10-6609,(247)494-2071,2003-10-17,86036.68
243,Elizabeth Rivers,richardrobbins@example.net,729-97-8877,001-471-815-6938,1979-12-08,40542.85
244,Andrew Kent,mirandajohnson@example.com,758-26-3042,432.945.4860,1993-08-11,99141.88
245,Michael Brown,carol49@example.org,232-32-1510,001-878-401-5715x929,1991-05-02,23887.59
246,Stacy Stevens,wdelacruz@example.com,240-96-7955,(636)476-6973x1490,1979-09-20,14637.78
247,Austin Thompson,patricia16@example.net,599-85-2719,(944)945-9081x81266,1971-12-29,36335.91
248,Mandy Vaughn DDS,ricardo99@example.com,349-74-1542,310.365.7653x435,1986-10-22,75833.27
249,Vincent Walker,shirleyheath@example.com,886-18-8694,+1-382-334-8706x20670,2003-02-18,57618.69
250,Deanna Harrison,lopezwilliam@example.net,323-89-0159,8437427959,2002-05-04,40535.66
251,Jacob Stevens,rojaslaura@example.org,121-17-5185,889.609.8109x12612,2005-03-21,34143.40
252,Carrie Patel,marybaldwin@example.org,730-51-6214,836-306-5739x12408,1991-11-15,96980.74
253,David Mckinney,kevincarlson@example.org,248-72-4888,3578389515,1989-10-28,67793.95
254,William Johnson,irussell@example.org,302-70-6194,946-356-4228x5730,1979-07-07,60633.62
255,Aimee Hernandez,adrian17@example.com,566-09-3802,7229540431,2006-01-23,96039.86
256,Victor Jacobs,garrettcoleman@example.com,165-88-3620,949-574-7897,1994-08-07,80546.65
257,Ronald Alvarez,sbass@example.net,375-67-7597,(406)905-0895,1973-08-12,62659.14
258,Stephen Sampson,patriciajohns@example.com,753-36-8182,7393321737,1961-03-06,26913.76
259,Amanda Campbell,carlgomez@example.com,128-13-0871,698-956-0011,1998-01-30,27167.45
260,Cynthia Pope,riddlecarolyn@example.net,213-46-7311,5978394723,1989-08-11,50393.22
261,Ashley Hall,jonathan12@example.org,583-60-7067,(599)843-7311,1960-06-01,66153.44
262,Maria Archer,adrian30@example.com,413-32-8799,001-447-235-2050x4872,1990-12-10,77509.59
263,Gregory Wilson,christyrobinson@example.com,081-26-2001,001-311-937-2817x55054,1984-11-12,53178.41
264,Robert Gordon,mboyer@example.net,011-61-3464,(621)581-2517x837,1997-08-10,56004.84
265,Joel Chaney,susanrollins@example.com,508-17-5386,+1-473-309-7463x6522,2000-11-04,68387.70
266,Carly Moses,anthony64@example.com,524-94-6506,369.862.4445,1982-05-27,20277.47
267,Mr. Jerome Roberts,pgomez@example.org,185-57-9601,841-389-1409,2004-08-15,61125.02
268,Brian Ellis,michael97@example.net,889-93-4762,315-686-0832,1977-04-22,19421.42
269,Patricia Morgan,angela72@example.com,732-45-7617,203.266.6414x4977,1976-03-25,77855.25
270,Thomas Lester,zgreen@example.net,575-65-4364,001-936-590-2704x1539,1997-09-04,47881.32
271,Cheryl Howard,frank59@example.com,011-53-6316,3063434449,1969-02-15,90713.94
272,Beth Bailey,theresa38@example.net,194-14-6921,001-841-509-2786x85576,1961-07-09,53583.38
273,Alicia Brewer,aliciamullen@example.org,742-92-8086,+1-591-235-9303x772,1973-12-03,56240.13
274,Lynn Roberts,ygriffith@example.org,042-12-4340,5025678752,1991-05-04,64536.81
275,Zachary Pruitt,lpayne@example.com,833-34-2925,427.593.6256,1975-04-07,53490.42
276,Jonathan Smith,lori45@example.com,651-10-2762,(272)506-5275x4837,1995-03-19,28182.03
277,Michael Jones,jennifersalazar@example.net,587-23-9284,001-744-206-7518x1906,1962-06-22,42507.53
278,Mr. Jose Rivera Jr.,david87@example.org,059-91-3331,+1-445-714-6611x4945,2005-05-25,77438.48
279,Crystal Christian,jamesmoon@example.net,646-19-6499,001-372-892-2789,1973-02-07,54408.48
280,Steve Leach,brandi41@example.com,746-31-0848,715.830.1135x975,1962-06-19,89139.73
281,Phillip Jones,cynthia94@example.org,006-90-4818,(890)487-9414x4365,1999-01-17,76000.68
282,Ray Castro,jamesjones@example.net,654-58-8758,+1-590-773-9081x84989,1967-04-04,83005.71
283,Shawn Morrow,davischristopher@example.net,421-27-0947,+1-337-519-2800x69460,1970-04-14,71235.87
284,Daniel Jones,gmoore@example.org,276-71-0808,6412447238,1959-10-30,68125.96
285,Christopher Johnson,josephmurray@example.org,795-34-4020,5683407174,1965-08-22,16189.32
286,Edward Jennings,ybyrd@example.org,558-27-4376,524.827.2780,1965-04-29,72392.47
287,Christopher Tapia,hillmichelle@example.com,438-33-1149,(377)713-1404x6087,1963-06-25,37429.91
288,Ryan Sanchez,longscott@example.org,681-60-8134,001-762-907-4407x08505,1961-11-28,30863.39
289,Tina Cooper,riverashane@example.com,149-92-1784,402-216-1921,1986-08-02,34385.51
290,Danielle Braun,idecker@example.net,197-22-1596,951.766.5281x1119,2006-01-12,16315.27
291,Michele Smith,vanessa14@example.com,583-58-7379,001-344-551-3562,1972-02-08,67485.90
292,Jennifer Mueller,richard58@example.com,677-11-9811,3969900980,1973-01-12,38141.24
293,Nathan Haynes,pittslindsey@example.net,582-54-1052,+1-865-811-7601x4373,1977-02-01,36247.47
294,John Moore,lindseynicholson@example.org,842-24-8288,+1-624-672-8115x307,1972-05-09,41652.57
295,Erin Campbell,pstevenson@example.org,006-63-8537,234-780-3184,1974-05-26,23364.11
296,Reginald Patel,csavage@example.net,024-83-3220,(499)412-0415x20644,1975-02-11,99706.43
297,Stacy Carter,yhenry@example.net,610-86-5886,001-999-281-0192x887,1964-02-20,85752.84
298,Kayla Carter,whitejennifer@example.org,258-92-4950,478-917-9562,1989-10-04,53098.22
299,Rachel Gonzalez,patrickgray@example.net,431-36-7085,+1-480-481-4832,1999-02-24,46368.99
300,Daniel Holloway,lori71@example.net,529-81-2827,(653)692-7304x56440,1970-07-11,95425.92
301,Katherine Watkins,lauren62@example.com,324-78-7467,662-871-7100x26031,1983-10-18,83696.18
302,Amy Reynolds,luis63@example.org,891-10-3304,(981)851-9786x12257,1992-03-06,38892.47
303,Nicole Moore,ngonzalez@example.com,439-40-6302,+1-505-666-5657x12010,1982-08-13,30591.60
304,Jordan Black,stacy46@example.net,544-04-0053,001-402-453-2542x11626,1985-06-14,92976.36
305,Michael Brady,kenneth52@example.org,477-41-3340,409.311.2399x0700,1987-04-03,25610.31
306,Lisa Montoya,sarahgarcia@example.com,148-14-7416,(877)380-8465,1972-04-23,18953.04
307,David Armstrong,mhenson@example.com,751-18-7595,856.859.7858,1966-10-15,57148.87
308,David Fisher,zbrown@example.com,243-05-4205,(763)939-5856x448,2003-01-15,32610.06
309,Terri Bennett,klee@example.org,639-03-1186,+1-769-590-6504x9283,1976-05-16,98431.27
310,Denise Jimenez,jeremy49@example.net,529-67-2973,(262)727-8212,2003-03-20,50636.86
311,Renee Nichols,bjohnson@example.net,446-10-0723,936-398-4086,1986-03-24,52964.57
312,Victoria Hall,stacey54@example.com,158-94-7608,001-470-777-1003x320,1959-07-20,49972.65
313,Joseph Payne,brett60@example.org,370-93-1533,2823513501,1960-01-18,16693.53
314,Autumn Fuller,lpetty@example.net,489-11-7102,+1-552-826-7418x105,1981-03-04,85173.59
315,Albert Macdonald,johnstonjeremiah@example.net,799-76-3550,(755)846-5092x2500,1963-08-03,26445.17
316,Wendy Jackson,glong@example.org,192-08-1136,(827)294-4518x63644,1973-11-14,63293.93
317,Derek Johnson,alex04@example.com,759-27-6508,975-736-2389x542,1989-04-29,64072.67
318,Alan Roberts,kdavenport@example.com,466-29-4892,420-776-8973x8537,1994-03-20,57520.74
319,Thomas Aguilar,jessicawalton@example.org,522-87-9236,+1-709-811-4330x171,2004-11-02,99016.59
320,Brittney Ball,stephanie34@example.net,481-33-9572,001-668-729-0339x68979,2000-06-12,10129.78
321,Gabriel Joseph,poncechristopher@example.org,015-92-3516,955.416.0543x4247,1969-11-15,89547.35
322,Kathryn Nunez,jacobmatthews@example.org,616-51-3218,916-366-6952,2000-06-15,62226.66
323,John David,riveracourtney@example.com,241-21-9726,001-272-736-6691x5305,1974-06-17,54206.03
324,Kristy Norris,alyssadavis@example.com,276-23-2915,808.288.7662x55156,1959-11-01,95063.48
325,Michael Contreras,gloria18@example.net,533-21-7979,736.970.9867x5105,1960-06-02,27017.54
326,Kathryn Norris,heather13@example.org,270-10-8872,001-624-570-3224,1969-10-27,29758.31
327,Sherri Clark,fredmurray@example.org,807-06-3304,+1-609-812-8882,1998-06-24,90378.19
328,Samuel Abbott,tstone@example.net,331-94-0517,825.914.1033x06147,1980-04-19,34884.13
329,Samantha Hopkins,sarah03@example.com,193-19-9119,937-250-1054x211,1981-09-12,79613.84
330,Kathryn Gregory,steven15@example.org,404-38-7634,+1-693-473-1587x60898,1963-12-06,57721.22
331,Mark Miller DDS,patrick63@example.org,268-73-0625,001-957-551-5357x0825,1971-04-15,11322.74
332,Lisa Smith,brookspaul@example.org,670-85-9138,754-447-7212x66495,1968-04-25,95930.43
333,Keith Johnson,laura28@example.org,355-61-4437,951.234.7028x8081,2000-10-29,90197.98
334,Brittney Brown,berrysean@example.com,753-08-7788,+1-318-578-8950x8769,1984-03-16,23696.35
335,Juan Hayes,lallen@example.org,708-84-3072,(997)612-0285,1983-06-12,88760.71
336,Gabriella Diaz,george35@example.com,069-06-8706,416.839.8162x2582,2005-07-11,79356.17
337,Michael Bennett,garrettdarlene@example.org,309-58-1420,001-385-543-7618x167,1964-05-25,53197.45
338,Rebecca James,sotojoshua@example.com,166-21-9731,+1-340-642-6217x710,1988-11-29,62424.02
339,Thomas Smith,christina37@example.org,310-39-2197,3148984608,1979-06-11,26320.01
340,Daniel Carroll,travis95@example.com,365-98-7648,(408)639-1264x7752,1971-06-29,86269.28
341,Courtney Allison,wbrown@example.com,607-62-4219,(517)973-7868x9915,2005-12-23,34735.54
342,Alicia Mccarty,morristimothy@example.org,138-92-9957,522.657.5457x2084,1981-11-07,68694.86
343,Dr. Michael Archer PhD,hdickerson@example.com,233-68-8841,309-286-7228x68100,2004-03-29,80679.49
344,Brenda Smith,kristiehamilton@example.com,125-66-0071,930.470.8854,1985-11-27,98662.30
345,William Sims,georgesmith@example.com,843-35-1399,001-553-501-5229x56707,1988-05-11,13768.34
346,Tami Mcmillan,lpatterson@example.net,470-63-1695,359-544-5100,1985-01-05,77105.66
347,William Evans,campbellsandra@example.net,315-93-7064,9928565809,2003-11-29,37501.57
348,Clifford Barry,joanna00@example.net,536-80-6634,319-813-7862,1961-10-28,46959.12
349,Cynthia Blackwell,amberlopez@example.com,384-88-9081,001-257-695-3318x2696,1960-09-05,28688.70
350,Jacqueline Sanders,brittany21@example.com,772-07-0292,+1-605-507-6302x988,1968-09-30,14398.53
351,Sarah Jackson,cheryl52@example.com,856-02-1430,001-811-905-7025,1986-02-06,85591.93
352,Paul Jackson,joseph08@example.org,182-11-1884,532.581.7425x50136,1998-11-23,49829.35
353,Robert Smith,groberts@example.org,297-47-4312,001-809-715-6087x841,1961-08-19,88181.80
354,Becky Salas,iwalker@example.org,133-90-9028,(434)470-4655,2005-02-15,29430.71
355,James Barnes,greenamy@example.net,012-99-8850,(673)582-9182x233,2002-02-23,82880.67
356,John Williams PhD,jameswang@example.com,894-48-0507,+1-382-621-1352x51608,1985-06-24,18754.09
357,Tammie Allen,mary89@example.com,853-16-9932,935-803-1082,1976-01-24,26952.81
358,Roy Johnson,wwhite@example.net,219-34-3577,001-494-863-2084x01874,1975-06-20,32110.66
359,Andrew Braun,lori09@example.net,642-74-9673,001-711-720-8229x5024,1986-12-21,58540.76
360,Jennifer Webb,kimberly75@example.org,767-77-9437,+1-980-366-6178x2883,1970-07-13,56315.46
361,Sarah Butler,brandymurphy@example.com,782-11-2655,(740)581-2800x478,1996-07-16,23788.53
362,Angela Benton,floydjerome@example.org,101-30-3985,347-808-9882x76969,1988-05-13,86432.84
363,Mr. Tyler Simmons,darren12@example.com,156-79-3411,879.588.5517,1994-01-02,53570.93
364,Noah Brooks,whernandez@example.com,537-25-7667,6836926016,1960-12-12,38015.18
365,James Jones,huffmanhannah@example.net,599-96-3277,+1-554-326-2314x96580,2003-09-01,54953.45
366,Eric Harris,johnsonjerry@example.org,445-55-3655,(593)687-8993,1987-04-18,77176.67
367,Adam Diaz,cfox@example.com,461-69-0687,(404)478-2322x028,1986-07-16,59098.39
368,Gary Patel,christopherwelch@example.org,760-66-5684,741-962-0343x8887,1981-06-10,67558.99
369,Jessica Reynolds,dwelch@example.org,092-55-5872,934-264-0184x823,1964-12-14,38746.55
370,William Rodriguez,charlesyates@example.com,255-32-6948,001-584-252-4799,1972-07-02,26753.63
371,James Shepard,tracy50@example.org,772-87-6793,433-761-0738x69651,1997-05-06,60500.78
372,Raymond Chang,devonross@example.org,852-45-4304,402.269.7195x6969,1992-08-04,58325.33
373,Scott Frederick,charlesrodriguez@example.net,506-84-5808,229.349.0065x059,2001-04-28,95301.70
374,Christopher Davis,christopher54@example.com,616-69-2334,418-995-2192,1997-06-19,95679.78
375,Terry Young,alison71@example.org,510-91-0919,331-459-3242,1963-05-17,87687.03
376,Jessica Hamilton,jenna85@example.com,403-75-2850,(724)676-6452x582,1990-08-18,80460.79
377,James Smith,maloneashley@example.com,258-44-0580,(425)896-7885x8266,1986-11-10,15293.67
378,Rickey White,wendydelacruz@example.com,781-37-4108,864-519-6731,1976-08-20,30000.20
379,Julia Martin,eboone@example.net,557-30-0147,+1-281-322-0254x8093,1969-09-10,76809.55
380,Tina Rojas,liclifford@example.org,485-58-0999,9653572399,1971-08-24,67267.09
381,Cassandra Berry,stantonchristopher@example.com,166-61-4470,710-432-3356,1961-06-08,12553.21
382,Heather Livingston,smithwilliam@example.net,101-49-9137,8559953488,1974-03-22,15502.55
383,Heidi Baker,jenkinsjulie@example.com,340-57-5036,+1-671-556-1499x3184,1994-05-29,25051.44
384,Anthony Allen,kimberly30@example.net,814-16-5312,001-520-901-6956x8240,1976-12-30,62786.28
385,Mr. Matthew Davis DDS,lburns@example.org,050-68-8147,001-354-860-0603x791,1998-12-06,23226.61
386,Elizabeth Smith,martinezjeffrey@example.com,371-92-6040,739.395.3466x342,1966-06-16,90961.84
387,Wendy Jackson,angelawatts@example.org,198-23-9315,(984)680-9657,1969-07-11,75647.36
388,Monica Villarreal,obrienkenneth@example.org,822-76-7267,990.399.8454x39248,1972-01-07,53704.02
389,Abigail Williams,howardmadison@example.com,721-54-7580,+1-711-678-1943x080,1965-11-20,77261.50
390,Amber Zimmerman,jeremyhampton@example.net,586-81-0100,(394)339-9021x0096,1966-09-18,22000.67
391,Devon Potter,lauren20@example.com,434-96-1049,734-555-9139x5570,1973-09-22,42606.08
392,Carlos Cole,montgomerymathew@example.net,344-16-6418,+1-385-615-7929x639,1959-11-04,80649.69
393,David Fisher,glentaylor@example.net,653-43-6156,+1-843-578-7500x9999,1980-07-22,38009.66
394,Christopher Williams,xadams@example.net,595-80-7555,+1-378-569-2968x814,1967-08-03,13424.07
395,Roberto Castillo,keithmartinez@example.net,808-71-6405,(959)442-6553x1458,1989-07-08,87003.59
396,Michael Adams,jackphillips@example.net,330-11-0609,734.392.3733x1322,1965-02-01,13325.65
397,Kaitlin Harrington,aguilarangela@example.org,258-73-9027,703.227.8255,1998-04-03,72065.79
398,Pamela Campbell,kevinjackson@example.org,399-35-9540,(649)535-8354,1968-06-01,13893.88
399,Dustin Carlson DVM,melinda69@example.org,894-91-8176,766.509.2504,2003-08-06,44277.33
400,Jamie Kemp,dgarrett@example.com,109-20-2148,554-401-1616x750,1975-09-22,67927.36
401,Eric Stone,kathy08@example.org,254-66-7044,297-655-0320x313,1988-11-27,27401.11
402,Isaac Perry,tammy70@example.org,198-17-8746,259.400.8813x1006,1991-04-04,83189.08
403,Brittany Chapman,grantphillip@example.com,225-41-8321,778-319-4413,1989-01-07,67791.10
404,Jeremy Mclaughlin,torrespamela@example.net,402-13-7491,(799)532-3035,1985-01-25,43707.71
405,Sylvia Carr,gbrooks@example.org,223-20-7789,399-331-9474x3272,1992-04-10,12412.12
406,Eric Vazquez,jordanrush@example.com,699-17-2566,705.582.8761x65306,1979-08-31,74767.75
407,Matthew Tucker,saraalexander@example.com,367-14-5916,253-704-2966x10805,2004-06-25,62340.26
408,Anita Mclean,fergusonbrenda@example.com,137-54-4191,820.595.1995x4220,1959-10-29,79297.73
409,Lynn Day,bdyer@example.net,344-24-1424,947.401.6481x24984,1970-04-03,40608.36
410,Brenda West,ryan09@example.org,671-72-3548,+1-923-827-7896x96974,1990-06-03,57165.65
411,Matthew May,hughesjohn@example.com,763-65-7872,+1-276-973-0590x3690,1967-07-11,78093.72
412,Kaitlin Suarez,fwilliams@example.org,550-34-4694,+1-928-306-7725,1976-10-08,62769.47
413,Kimberly Morrow,moorekeith@example.net,809-68-7321,+1-624-247-2364x657,1967-03-05,47573.45
414,Amanda Romero,david35@example.net,239-07-0115,(447)553-6308,1970-07-09,28300.97
415,Michael Shepherd,wrightpeter@example.com,492-78-9454,001-716-217-7305x97513,1986-05-10,20355.19
416,Paul Castro,mejiamarcus@example.net,158-27-5967,684.523.9016,1996-01-16,49384.39
417,Adam Reynolds,zbush@example.net,598-97-8585,(759)285-4101x3107,2000-01-25,36595.80
418,Adrian Blair,shannonrichmond@example.org,357-73-0242,853.981.6690x020,1975-04-28,61446.42
419,Raymond Best,jill64@example.com,303-48-1827,625.233.1005x082,2005-06-07,10759.32
420,Bobby Johnston,smithbecky@example.org,857-61-0169,001-260-548-5878,1985-09-10,65191.75
421,Martha Wolfe,cassandrarogers@example.org,539-10-9147,560.312.0452,1959-07-29,48023.04
422,Dana Cantu,pcooper@example.com,139-37-6361,(310)287-0198x17628,1980-04-18,35174.36
423,Christine Daniel,banksanthony@example.com,764-91-1983,+1-575-504-6065,1963-01-05,64265.52
424,Elizabeth Greene MD,fwhite@example.net,436-11-5088,587-539-1720,1966-05-18,72470.59
425,Ashley Robinson,foleycolin@example.net,556-48-5819,860-282-8726x0445,1996-10-30,95994.04
426,Nathan Curtis,nicholas18@example.org,428-83-6119,945.828.8486,1985-05-04,79051.07
427,Stephanie Jones,qowens@example.net,593-48-4545,+1-400-374-8629x361,1961-12-19,95468.01
428,Nicholas Smith,aaron67@example.org,233-08-5460,+1-327-921-3285x5709,1961-11-11,47618.34
429,Scott Gregory,harrisonkatelyn@example.com,004-58-7840,001-264-599-0801x88322,1991-11-13,19459.27
430,Anna Ho,ohogan@example.org,439-18-9319,621.440.0642,2002-01-25,46770.85
431,Jeremy Melton,sandovalcharles@example.org,709-49-6978,+1-587-401-1653,1983-05-09,52010.84
432,Jane Williams,qwalker@example.org,298-55-1072,001-705-956-6361,1969-12-25,84639.75
433,Johnathan Thompson,melanie55@example.com,232-93-7142,+1-926-706-2065x04342,1984-04-10,48780.70
434,Sarah Hall,robertcannon@example.org,764-89-8250,963-507-2938x7806,1995-10-23,19596.41
435,Brenda Williams,clambert@example.org,192-20-4445,233-311-7292,1997-09-07,21222.92
436,Melanie Rivers,bergsharon@example.com,260-72-5850,(800)616-9152,1997-12-14,98653.94
437,Douglas Kramer,darrell93@example.com,291-97-0994,001-692-667-4424x628,1986-01-10,30313.29
438,Debbie Stephens,meghanbernard@example.org,320-53-4529,001-400-231-2641x36981,1999-04-09,60275.93
439,Melinda Ryan,vsmith@example.net,770-53-2324,7715160775,1986-04-02,13283.57
440,Mr. Jimmy Kennedy,jennifer17@example.org,521-76-3776,+1-295-784-1980x46119,1976-11-28,40871.63
441,Susan Daniels,rachel96@example.org,291-16-1960,914.591.1723,1975-07-14,96361.98
442,Catherine Hoffman,greengabriel@example.com,788-83-1682,+1-309-569-6072x3122,1976-09-28,20058.71
443,Erik Figueroa,tylerwarner@example.net,081-15-2446,310.221.3627,2005-10-07,44413.41
444,William Jackson,kathysuarez@example.net,586-13-6424,574.762.0963x5129,1980-07-05,45176.43
445,Timothy Duncan,robertsjose@example.net,274-42-6721,+1-256-858-7926,1963-11-08,27395.85
446,Jennifer Crosby,lopezangela@example.org,583-36-0384,+1-208-925-2733x16217,1991-07-08,68111.65
447,Luke Escobar,emily97@example.org,735-49-1944,(398)890-1232,1961-01-04,64277.55
448,Charles Robbins,birdallison@example.com,025-05-8778,001-543-618-2849x511,1998-08-31,33575.21
449,Abigail Caldwell,ballardmichael@example.net,394-62-9124,635-279-7279x15909,1975-06-25,84130.82
450,Jason Miller,rburton@example.net,784-78-5545,001-374-900-2307x17264,1982-07-17,16171.03
451,Dennis Turner,brandiharris@example.net,865-41-3565,514.579.3593,2004-12-23,44889.79
452,Jerry Thompson,qmorris@example.com,512-95-1600,314-780-5383,2001-10-21,63076.87
453,Billy Rodriguez,kirbychristina@example.com,831-24-2541,+1-714-978-1206x3422,1961-08-06,88507.27
454,Joseph Howell,bowerskaren@example.com,558-95-2917,(705)504-8085x95373,1972-03-07,71745.79
455,John Ray,brandon77@example.org,321-04-5566,390.600.7853x0945,1994-09-11,18270.96
456,Thomas Kelley,butlerbrian@example.com,069-91-8876,382-681-7947,1969-11-19,35875.25
457,Courtney Baker,shepherdjonathan@example.com,583-42-8294,4676195662,1961-10-24,68111.67
458,Alexander Miller,deborah87@example.net,820-37-3708,(964)975-3550x9711,1961-09-30,79760.19
459,Andrea Warren,barneskristen@example.com,553-94-3730,579.600.1378x8615,2003-02-01,37661.25
460,Mrs. Michelle Castro DDS,alexismason@example.org,853-71-1028,594.471.5560x683,1987-08-13,78737.24
461,Jordan Rasmussen,bnavarro@example.com,865-21-4938,001-496-234-7673x02281,1966-07-13,75282.57
462,Kyle Wells,charles73@example.net,532-39-0244,405-379-0616x45065,1987-12-11,15773.02
463,Michael Noble,johnsonjames@example.org,723-48-6756,769.852.5796x389,1969-09-04,10131.59
464,Rhonda Campbell,tammy56@example.org,024-02-4859,210-335-3093x9496,1978-10-03,84574.46
465,Brenda Reed,vrogers@example.com,238-13-0707,8847083318,1986-07-23,13599.95
466,Elizabeth Velasquez,hpacheco@example.com,425-44-3664,001-529-689-8758x47913,1984-04-13,28491.71
467,Kevin Rivera,george43@example.com,704-02-3719,718-742-9418,1984-06-22,31603.36
468,Audrey Gordon,benjamin52@example.org,728-57-1604,001-676-286-7532,1962-09-30,36644.40
469,Lindsay Short,melissa46@example.org,890-33-0833,917-394-7085x477,1999-04-25,70229.98
470,Katherine Murphy,peterserica@example.com,066-18-3843,574.693.9151x04677,1994-10-02,65656.93
471,Michelle Kim,rsalinas@example.net,785-98-6561,001-891-593-7149x200,1985-02-11,28228.64
472,Kathleen Martin,nancy04@example.org,868-06-7470,980.684.7023,1972-09-26,95319.43
473,Richard Martin,dcollins@example.org,689-04-5821,+1-719-589-7325,1971-05-18,60742.77
474,Patricia Perez,barnesrachel@example.net,559-97-6001,743.799.2074x3122,1985-05-22,32771.47
475,Megan Weeks,mullinsthomas@example.net,809-40-9642,+1-732-375-7448x842,1964-12-22,94446.12
476,Steven Cardenas,jponce@example.com,846-96-0755,+1-578-643-2083x5561,2004-01-18,65665.66
477,Brenda Hamilton,kayla62@example.org,029-53-8245,260.936.6233x24596,1972-06-14,12948.08
478,Andrew Miller,jwilson@example.net,856-63-1095,+1-290-517-7548x08083,1964-10-15,61513.08
479,Adrian Branch,montoyashawn@example.net,067-81-3189,+1-785-456-1045,1978-10-23,82944.00
480,Jennifer Baker MD,jamesmiller@example.net,784-27-4773,+1-468-654-3168x67820,1993-10-26,51890.74
481,Todd Lucas,williamjames@example.com,787-01-1370,001-563-747-1278x93850,1993-10-05,43506.56
482,William Garcia,amywilson@example.com,867-09-7158,001-849-943-0644x857,1980-07-04,78117.82
483,Yolanda Cardenas,maryward@example.com,303-74-4695,478.202.5285x019,1988-06-15,75980.95
484,Adrienne Diaz,markkennedy@example.com,436-76-1722,4558732496,1973-09-11,95809.89
485,Russell Gates,rachel26@example.org,147-19-6620,001-239-407-2908x931,1959-10-30,60449.64
486,Christopher Owens,rachelanderson@example.net,597-83-1839,272.499.6573x931,1994-07-26,44532.66
487,Elizabeth Nelson,ashleywilkerson@example.net,330-09-5316,001-295-822-5932x9265,1967-08-14,73546.22
488,Lisa Rogers,martinezsteven@example.org,746-20-6570,883.463.3948x19199,1968-11-18,15008.39
489,Sandra Erickson,twilliams@example.org,084-61-2961,001-521-373-2093x4356,1996-07-10,80730.88
490,Rachael Nguyen,clifford44@example.net,222-53-0147,+1-652-667-9578x3188,1969-10-08,16282.06
491,Steven Romero,brownrobert@example.com,088-82-0527,001-942-543-8544x69423,1980-02-20,61299.71
492,Angela Lee,bjenkins@example.org,742-65-6404,001-239-328-0898x52990,1970-05-14,36517.87
493,Emily Brown,iadams@example.org,103-48-8683,200.727.5787,1978-12-22,64498.92
494,Bailey Weaver,zcollins@example.com,333-42-8159,001-731-707-7092x1270,1994-09-24,67410.39
495,Justin Newman,greenjennifer@example.net,517-52-1045,(370)403-8092x019,1986-09-27,60703.13
496,Erika Cook DDS,normanallen@example.net,372-90-4577,622.694.4577x30753,1986-04-24,40145.18
497,Dr. Amber Elliott,alexanderchavez@example.net,882-21-9366,815.585.1326x797,1968-01-16,14736.59
498,Brandon Haynes,sarah36@example.org,680-80-4611,635-622-8755,1963-06-08,88103.14
499,Kathleen Clark,sophiamiller@example.net,611-14-3784,781.248.2498x83819,1976-04-11,37315.27
500,Patricia Hernandez,devin42@example.net,332-57-4418,990.359.5894x492,1999-09-17,32592.32
501,Lance Wiggins,matthew84@example.com,587-58-5904,001-218-499-2028x511,1991-03-30,96908.68
502,Ashley Coleman,roylee@example.org,803-31-4986,+1-406-858-3112x23266,1985-03-15,56234.72
503,Lori Michael,wavery@example.org,151-70-5430,(766)707-1653x3551,2003-09-01,29638.18
504,Ronald Brown,frederick59@example.com,376-91-4969,989.248.1477x593,1987-05-03,52544.53
505,Lawrence Tucker,lauren23@example.net,194-40-1973,(831)274-8163x72914,1992-07-14,95170.05
506,Mark Yang DVM,philipwells@example.net,329-62-2478,001-241-252-8546x651,1960-01-27,29164.16
507,Douglas Dunn MD,jennifer34@example.com,343-53-7801,+1-744-714-7530x424,1973-01-18,45303.23
508,Sheryl Silva,rebeccarodriguez@example.com,298-38-5704,+1-901-884-2601x328,1981-02-08,71008.77
509,Charles Watson,danny23@example.net,223-27-3481,001-294-455-8098x367,1997-06-16,36176.09
510,Zachary Hill,katherine56@example.org,081-79-9523,9438489908,2001-12-25,85698.83
511,Stacey Reynolds,boonelaurie@example.com,365-45-4179,457-729-2600x82024,1997-02-16,43991.91
512,Michael Farley,ajohnston@example.net,814-84-7887,533-399-6402,1976-09-29,24672.72
513,James Jones,castilloalexander@example.org,095-44-1921,533.811.3552x485,1970-12-17,32883.25
514,Mrs. Lindsay Hoover,andrea55@example.org,099-17-3179,505.288.0574,1961-12-29,12153.42
515,Kimberly Boyd,lwilliams@example.com,825-65-0256,2419671822,1961-05-24,84152.92
516,Donald Reese,christopher85@example.org,827-89-4991,639.743.9915,1997-11-08,46104.59
517,David Williams,manderson@example.net,690-79-4031,780.313.5752x720,1999-10-20,19176.75
518,Nathan Baker,carl20@example.net,801-06-9342,(293)602-5435x9058,1965-04-03,41495.09
519,Laura Carlson,xedwards@example.com,537-85-9895,(813)563-0930x584,1964-07-07,70819.19
520,Jeffrey Bailey,murraymichael@example.com,556-95-6214,(216)331-0785,1967-05-14,81439.83
521,Paige Green,eringiles@example.com,073-20-0288,521-934-6994x91056,1964-05-02,94614.30
522,Desiree Martinez,kleinmarvin@example.org,629-60-2015,(637)627-6354x610,1979-12-07,58817.00
523,Shane Mckee,andrea70@example.com,898-62-9773,873.565.3641,1998-11-17,52410.92
524,Linda Hooper,tbranch@example.org,014-74-1483,2256912624,2003-12-07,74034.13
525,William Miller,joyhowell@example.net,212-11-5277,385-294-8990x835,2005-09-30,24575.04
526,Suzanne Long,oconnorlisa@example.net,548-87-5025,284-847-4409,2003-04-15,58638.25
527,Jennifer Perez,uhansen@example.com,478-92-5108,+1-594-638-8495x348,1978-09-26,39738.29
528,Katherine Lee,darinvincent@example.net,442-27-1287,+1-951-836-2686,1959-09-16,52664.73
529,Hannah Rios,williamgoodman@example.net,816-06-1705,914-736-5093,2001-07-24,51268.00
530,Eric Clark,christydavis@example.org,027-68-2077,001-436-467-4837x3862,1988-10-06,51317.32
531,Connie Jones,alexis56@example.org,710-51-2542,357.598.4401,2001-10-04,93245.52
532,Clifford Brock,webbjim@example.org,850-79-9796,767-846-2600,1963-07-15,86055.95
533,Dr. Michael Berg MD,joshua83@example.com,473-77-5806,(873)652-7233,1999-05-06,72019.25
534,Lauren Hernandez,dylan88@example.com,783-77-7521,+1-248-400-5939,1993-01-10,38612.53
535,Linda Santiago,slee@example.com,050-45-2864,293-618-2719x4878,1980-10-26,47873.77
536,Jonathan Thomas DVM,collinsdaniel@example.net,803-27-6282,(479)220-0990,1987-01-31,12223.65
537,Ricardo Watson,robertahoward@example.com,130-37-2388,422.657.2970x8675,1994-05-09,76246.11
538,Brian Lee,sawyermatthew@example.com,281-46-8787,001-281-725-3256x132,1981-02-14,66246.38
539,Sandra Brown,melissa30@example.com,403-50-9305,528.237.9927,1996-12-11,19815.36
540,Brian Casey,emily15@example.org,390-01-0272,001-383-979-9924x08481,2003-03-28,14695.02
541,Ruben Mcintosh,rachelhowell@example.org,555-75-4322,368.719.9649x9197,1990-01-14,23985.96
542,Erin Mclaughlin,brucehines@example.org,366-83-8579,587.512.4970x0667,1973-06-20,51227.03
543,Rhonda Cooke,michelleschwartz@example.org,608-21-8861,(480)220-6234x21912,1977-03-06,60828.73
544,Jessica Thompson,seth64@example.com,274-44-0550,787.873.1294x30012,1985-03-09,78442.34
545,Jonathan Thomas,pgonzalez@example.com,020-02-2281,+1-781-849-6997x807,1971-02-06,94832.11
546,Mariah Lopez,donna60@example.org,838-19-2496,864-586-7327,1974-02-17,31016.35
547,Heather Singleton,wardkyle@example.net,073-37-1063,001-365-340-4176x228,1993-11-23,24094.54
548,Jacob Pierce,xkelley@example.com,524-78-1063,972.418.1542x708,1975-09-29,21612.45
549,Margaret Rhodes,nvelasquez@example.com,279-51-0335,001-315-642-2259x11294,1958-12-10,50042.12
550,Christopher Branch,john61@example.com,147-25-2149,+1-525-985-2692x0880,1973-08-21,85726.21
551,Ronald Chapman,guerrabenjamin@example.com,733-13-9525,(403)529-4922x9505,1983-06-19,15609.27
552,Kimberly Allen,andrea39@example.com,871-67-3220,001-830-257-7182,1988-05-24,59996.46
553,Phillip Buck,james82@example.com,677-74-6830,790-568-8905,1963-03-30,31726.69
554,Stephanie Roberts,jessecolon@example.com,770-69-4210,9158600719,2005-12-13,35106.39
555,Ashley Wilson,benjamin33@example.org,528-26-8922,+1-691-706-9449x6351,1996-05-12,84036.66
556,James Salazar,rsmith@example.com,236-50-9408,957.822.7519x3921,1968-12-26,92130.32
557,Mary Spencer,jeanettelee@example.net,177-75-8735,001-419-916-0035x66296,1974-01-15,49096.67
558,Marc Holmes,nunezana@example.com,219-23-6230,7337189331,1971-04-30,49871.50
559,Christopher Barker,fmills@example.com,864-58-9291,(566)732-8938x593,1998-11-12,26594.13
560,Robert Lane,parsonselizabeth@example.com,502-86-1991,812.588.7295,2000-04-20,70487.91
561,Mary Rhodes,michaelhansen@example.com,388-16-0506,752-793-7899x51746,2003-05-26,30286.31
562,Matthew Jackson,kevinmercado@example.org,847-82-8737,001-898-465-9238x2536,1982-12-01,58393.42
563,Kelly Smith,paul29@example.org,578-52-4324,284-233-1991x939,1985-02-20,81474.90
564,Adam Dominguez,arogers@example.org,590-27-0232,001-930-980-0756x5154,1959-02-08,32573.42
565,Melvin Erickson,velasquezbenjamin@example.com,576-36-7983,798.323.5196,1977-05-26,12085.76
566,Ryan Peterson,charlesjoseph@example.org,188-19-8442,877.797.5166,1991-12-05,47399.63
567,William Hughes,chapmanrenee@example.com,092-19-5438,3814727195,1970-10-11,15847.28
568,Christine Robbins,samantha94@example.org,504-56-9858,249.570.7198,1959-10-07,95027.47
569,Jared Hernandez,xbird@example.org,800-75-8745,001-840-736-8524x7752,1989-04-12,42891.59
570,Christopher Vazquez,lcochran@example.com,433-75-4376,225.291.9465x41155,1996-10-31,27823.59
571,Ann Morris,gonzalezashley@example.org,720-27-4264,001-890-860-2432x77366,1990-09-14,59300.08
572,Cheyenne Cooper,lwhite@example.org,316-44-9937,+1-466-489-1369,1979-09-21,47429.90
573,Grace Williams,owensjoanna@example.net,891-91-8087,351-846-0601x97424,1960-03-04,47772.05
574,Amber Edwards,charlesbowen@example.com,561-10-4083,(641)913-6155,1962-08-25,76388.80
575,Mark Davis,wcervantes@example.com,868-78-1090,3276058325,1984-11-07,59389.82
576,Lauren Fuller,ihowe@example.org,861-44-0045,2953728877,1972-09-29,81594.58
577,Stephanie Phillips,michelle57@example.com,657-22-1657,402.914.8754x865,1966-01-05,24253.01
578,Alicia Brown,wbailey@example.net,055-69-3845,(834)348-7352x313,1982-03-22,65930.73
579,Hunter Hernandez,williamspatrick@example.net,251-03-7475,+1-255-877-4138x62704,1998-08-20,97421.74
580,Laurie Torres,bethanyharris@example.net,190-03-5077,+1-703-461-0268,1968-04-17,53240.38
581,Ronald Caldwell,aclark@example.com,396-14-1723,+1-279-725-2407x2850,2000-12-21,96668.69
582,Mitchell Adams,pwood@example.org,163-99-7734,7242055248,1983-11-03,90149.33
583,Kristin Ruiz,thomaschang@example.net,755-78-7384,(940)766-0735x9334,1991-05-19,50398.73
584,Monica Williams,ericturner@example.net,343-73-4846,949.755.6111x85578,1996-06-18,24434.04
585,Jerry Buchanan,beardapril@example.net,140-06-5296,378.463.0666x952,2003-11-13,53066.01
586,Natalie Benton,vanessa54@example.net,848-37-2598,929-541-9697x5461,1963-03-31,39229.34
587,Todd Williams,ggonzales@example.net,283-23-5701,334-741-8732x090,1972-01-07,57644.93
588,Angela Miller,brianray@example.net,070-89-4694,+1-559-463-7406x85796,1964-01-02,78741.58
589,Robert Griffin,mossjose@example.com,311-76-2536,+1-658-759-4829x282,1960-07-04,83395.88
590,Makayla Soto,millerscott@example.org,302-37-0748,305-422-1092,1975-08-04,56960.55
591,Brenda Keith,danielcoleman@example.com,104-32-7739,952.455.6146x92565,1958-07-28,18648.78
592,Lisa Hudson,michael82@example.org,756-82-7426,+1-217-932-4187,2005-12-12,58019.74
593,Leslie English,seth26@example.com,453-59-4117,346-771-5520x2053,2002-04-14,42080.60
594,Christine Howell,colton49@example.com,262-82-6406,928.609.7829x275,1992-06-22,32471.37
595,Nicole Tucker DDS,haaslarry@example.net,297-81-2280,(682)855-7763,1989-12-10,75214.34
596,Ross Brown,kaitlynharper@example.org,865-76-2402,260-532-8299x42621,1995-11-18,80657.06
597,Deanna Montes,matthewhunt@example.org,266-64-1595,001-340-422-2254x32121,1965-01-25,19219.91
598,Dustin Anderson,vanessathompson@example.net,051-88-9408,001-456-343-8038x138,2006-04-12,56666.21
599,Christopher Perry,patelperry@example.net,379-09-0223,699-502-3200x2175,1967-06-27,73206.93
600,Ruben Watson,amberwebster@example.net,805-74-0250,+1-858-398-3804x071,1962-11-24,38815.49
601,Cody Wright,franklinjacob@example.org,522-55-5857,001-782-293-5435x9796,1987-05-21,36678.78
602,Deanna Henderson,jennifer40@example.net,042-62-9022,001-661-925-5790,1974-06-07,33723.24
603,Amanda Rose,fernandezfred@example.com,288-09-1102,518-565-0575,1982-06-24,75097.70
604,Mr. Stephen Garcia Jr.,villarrealjeremy@example.net,121-04-0501,4113607284,1986-06-04,99919.55
605,Brenda Lopez,gary83@example.net,582-77-9408,2305602411,1995-10-19,36635.11
606,David James,kellyhorton@example.net,046-39-8695,931-326-1523x24169,1987-09-11,99916.01
607,Dana Murphy,hornkathryn@example.org,093-08-1967,248-626-4274,1994-09-08,51011.92
608,Rebecca Griffith,ryanlong@example.com,218-14-6424,974.242.3156x3575,2002-04-04,51956.96
609,Jennifer Ford,nathanielscott@example.com,343-88-9925,267.503.1643x4165,1961-02-15,40420.86
610,John Gomez,hstevens@example.org,245-87-8794,906.848.6651x74093,1982-09-18,14137.83
611,Jessica Mills,campbellelizabeth@example.com,117-95-3048,559-375-0194x32365,1964-10-12,76997.42
612,Max Jones,wwatson@example.com,680-17-6036,+1-671-424-9389x74474,1968-07-26,17825.88
613,Monica Hendrix,aaron57@example.org,305-20-9388,(708)349-1937x47186,1961-04-02,28109.19
614,Eric Dodson,laura64@example.org,760-27-6001,347-563-7159x04839,1960-11-01,97064.79
615,Karina Henry,aguilartammy@example.net,724-54-6887,(960)946-1932x649,1969-11-10,95658.72
616,Nancy Burke,rollinsnicole@example.com,529-62-8094,(398)904-8350x92530,1987-03-18,14285.76
617,Angel Jones,cynthia91@example.net,841-61-0188,872-649-8871x7392,1979-04-10,23840.99
618,Alan Lester,tpatel@example.net,468-17-0966,(476)882-9062x062,1973-02-25,90028.14
619,Patricia Dunn,anitaalexander@example.net,082-65-5428,+1-889-586-7600,1959-11-27,83945.83
620,Amanda Kim,jharris@example.org,517-46-9444,494-903-5018x333,1966-12-15,57897.44
621,Joshua Cole,beth25@example.net,285-47-2261,(331)749-4219,1967-03-25,83739.83
622,Robert Young,moraleskaren@example.org,312-54-6803,(528)647-3196x623,2002-03-08,52928.65
623,Michael Lopez,eross@example.org,044-54-5603,714.843.6589,1974-08-15,65571.49
624,David Lopez,rodriguezkelly@example.com,638-41-0387,239.550.6022x27598,1997-11-19,68848.78
625,Christopher Davis,ohiggins@example.net,558-95-1476,+1-651-624-1073x37939,1991-12-02,65682.01
626,Marissa Burke,andrewmiller@example.net,702-78-2288,(305)554-8857x365,1981-01-27,48027.04
627,Karen House,brian17@example.org,635-85-5629,475-550-6679x01591,1979-07-01,73911.79
628,Richard Smith,carmenwilliams@example.org,337-93-7643,(701)618-4190x0529,1989-02-19,25404.93
629,Edward Frazier,mhart@example.com,878-25-1138,+1-439-818-5325x66970,1991-09-26,71436.53
630,Daniel Wilson,douglas99@example.org,759-49-2420,747.800.9071x64770,1978-04-25,39166.24
631,Melissa House,adrianpeterson@example.org,451-16-5712,(724)743-5606x3426,1966-12-16,36780.64
632,Kimberly Carroll,nancysmith@example.com,185-75-3763,+1-321-911-7302x473,1976-04-30,23300.41
633,Jeremy Lewis,annadelgado@example.com,531-68-4159,001-295-623-8740x9297,2006-04-17,35964.28
634,Kelly Zhang,elizabethholland@example.net,402-51-7479,001-832-358-9561x361,1981-12-29,34929.86
635,Antonio Kent,jennifer97@example.org,648-16-8376,001-772-458-8311x1459,1997-01-06,69535.38
636,Jared Jackson,turnerdavid@example.net,592-65-9757,246-521-3884x085,1960-05-13,72267.23
637,Gregory Jones,rmoreno@example.com,561-15-1329,+1-960-400-7318x398,1985-10-25,15929.96
638,Michelle Miller,nponce@example.org,130-01-4057,8443879002,1961-01-19,34111.80
639,Alicia Collins,sara00@example.com,461-33-9351,528-243-0369,2002-11-18,20112.85
640,Sheryl Rios,chavezjames@example.org,030-78-7133,001-341-915-2283x58213,1965-12-16,47243.87
641,Scott Martinez,jennahubbard@example.net,594-27-8938,+1-625-871-7752x413,1965-10-24,58890.47
642,Dr. Joshua Patton,gdean@example.org,803-17-4638,001-919-911-9205x5175,1990-06-02,69304.30
643,Lisa Ellis,jonathangreen@example.org,401-90-3087,803-447-0237x2566,1985-05-23,15838.61
644,Isabella Thompson,nbailey@example.org,143-86-9403,432.720.1811x053,2004-01-25,51949.49
645,Cody Bradshaw,williamgilbert@example.com,249-80-7939,712.484.8760x675,1960-11-09,50967.61
646,April Johnson,zunigasandra@example.com,023-27-1577,+1-904-714-2225x28287,1988-03-15,89742.02
647,Daniel Snyder,hillkeith@example.org,454-26-6457,6914407091,2002-09-03,30687.41
648,Kristina Garcia,silvarobert@example.org,392-15-2499,4876992224,2004-12-14,98299.56
649,Mrs. Stephanie Floyd,bergjacob@example.net,750-13-4446,836.736.4774x284,1958-10-07,96221.40
650,Kristina Mccullough,annmartinez@example.org,730-46-4436,(684)730-7583x9592,1971-05-20,13369.05
651,Marissa Smith,jrose@example.com,136-81-1153,(973)957-9884,2004-07-18,73175.94
652,Virginia Robinson,donaldsanchez@example.net,225-90-6325,(633)856-4053x822,1976-01-14,97043.54
653,Breanna Romero,preston13@example.com,674-40-3586,898.216.1220,1983-04-15,27280.67
654,Miss Jessica Jones,crawfordkelly@example.com,885-47-5221,5216073284,1984-12-22,14625.24
655,Lisa Carrillo,vsharp@example.net,246-79-5959,(587)775-0630,1978-03-24,22347.45
656,Leslie Jones,zjones@example.org,502-82-6314,639-665-2000x9027,1973-03-12,33711.55
657,Craig Taylor,kelleylauren@example.com,163-04-9169,372-516-0090,1986-05-20,75783.49
658,Jillian Hernandez,uyoung@example.org,385-06-7798,(260)405-9810,1974-09-22,95194.21
659,Henry Reese,angelacarter@example.net,688-31-5439,001-289-969-2219x79327,2000-04-20,23343.76
660,Hannah Burton PhD,amystevens@example.org,377-89-4948,+1-835-754-4613,1959-09-30,39356.73
661,Tracy Taylor,uhall@example.org,877-50-6562,8004613733,1972-09-11,56159.88
662,Brandon Allen,dawsonmakayla@example.org,262-21-4477,(609)379-6131x3776,1960-08-02,24867.53
663,Daniel Williams,nicholashudson@example.net,138-63-4567,001-843-873-8436x1996,1985-10-16,83494.93
664,Alexis Munoz,lbuchanan@example.net,580-26-3396,(418)908-5360,1996-06-19,81530.36
665,Evan Roberts,smithjamie@example.net,378-61-6068,924.829.7773,1977-07-01,28304.80
666,Kelsey Morris,brownchad@example.com,778-68-7944,864.533.8648x80410,1976-01-21,85338.75
667,Kristopher Petersen,thompsontrevor@example.org,659-20-9390,+1-661-574-9395x84348,1967-07-27,45801.09
668,Guy Hernandez,amysingh@example.com,801-51-3461,+1-395-330-9225x4220,2001-03-24,30735.41
669,James Bowen,ereynolds@example.com,343-77-6888,(290)203-9755,1995-06-23,50598.90
670,Sara Wang,robertsryan@example.org,433-89-2063,401.276.9878x9752,1980-07-01,67267.05
671,Travis Hoover,qlane@example.com,418-23-6684,5529058570,1993-10-17,94697.20
672,Daniel Stevens,pfischer@example.net,597-03-5089,+1-450-496-3531,1993-02-01,67823.94
673,Katherine Holloway,jesse91@example.com,391-78-2480,220-439-0563,1990-07-03,46531.18
674,Chris Cowan,yclark@example.net,491-85-6729,(870)265-1800x3080,1961-02-06,58361.98
675,Peter Rose,stephaniegentry@example.net,212-02-3096,820.970.9347,1970-05-04,82084.60
676,Christine Cabrera,fwilson@example.net,327-92-7582,+1-200-341-3573x1567,1996-10-04,42662.44
677,Tanya Alexander,samantha38@example.net,568-23-1449,(692)574-5152x5869,1962-01-23,56667.37
678,Julie Taylor,farmerjason@example.com,841-55-1783,785-909-4893x08171,2005-04-19,34875.26
679,Richard Hall,elizabeth47@example.org,493-21-0502,413-838-3511x1513,2002-12-13,22292.95
680,Kelsey Arias,pamela68@example.com,650-38-5096,5098078385,1976-10-29,45672.88
681,Jason Weeks,uwagner@example.com,690-86-3676,2402793834,2004-08-27,68880.09
682,Elaine Mayer,michaelhill@example.org,838-30-1589,+1-573-293-7590x213,1977-01-28,36727.50
683,Christina Madden,vreed@example.org,782-81-4552,919-339-0449,1985-05-23,50926.51
684,Joshua Williams,taylor50@example.com,593-84-6744,+1-373-542-4329x761,1970-04-30,44113.57
685,Jeffrey Thompson,elizabeththompson@example.com,738-43-3876,(331)292-3766,1990-07-27,39958.29
686,Jennifer Perez,ryangibbs@example.net,791-99-6286,205-471-0040x43480,1995-03-19,25729.34
687,Kim Kirk,wilsonsusan@example.net,276-98-1071,+1-950-887-5608x4291,1993-06-06,23533.02
688,Shelley Gomez,jenkinsdanielle@example.net,610-35-1221,001-602-201-3407,1961-06-26,13373.45
689,Joy Allison,uhenry@example.com,740-26-5603,001-695-934-0194x13746,2004-07-19,58826.39
690,Charles Wang,kprice@example.com,840-63-3407,259.686.5861x704,1983-07-26,63840.02
691,Amanda Schroeder,jjohnson@example.com,715-63-8765,+1-526-645-5649x621,1991-06-20,84899.42
692,Sherri Nielsen,xrios@example.org,501-57-5593,001-455-604-7873x980,1974-09-21,33347.81
693,Teresa Henson,oscar51@example.net,218-64-2037,404.512.3520x93413,1985-11-09,84219.11
694,Eric Gardner,edward93@example.com,202-49-7133,999.453.4414x039,2005-09-27,31224.35
695,Patricia Allen,powellkim@example.net,855-71-2926,4939824244,1984-09-04,94208.86
696,Brianna Sanchez,cruzeric@example.org,441-69-2425,(607)674-4858x883,1985-08-29,84896.27
697,Alex Roberts,jennifervargas@example.org,443-85-8135,953-440-8627,1959-01-21,36236.07
698,Michele Sexton,jandrade@example.org,210-04-2397,(388)736-8129,1964-08-31,70402.84
699,Christopher Campbell,flowerskaren@example.org,150-55-9294,4107750659,1994-01-17,26994.96
700,Debra Ball,watsoncourtney@example.org,142-93-3755,944-513-0819x6079,1999-08-02,99223.13
701,Michelle Jensen,hornethomas@example.net,504-26-8651,6515034612,1989-08-21,36583.80
702,Margaret Guerrero PhD,jasonreynolds@example.com,652-54-1539,552.717.6131x281,1960-07-14,38004.87
703,Billy Sanders,smithsamantha@example.org,337-16-8538,517-455-8829x28869,1975-05-12,46863.33
704,Laura Potter,fpeterson@example.com,571-71-3611,6062936660,1984-05-07,36919.69
705,Jon Soto,jrocha@example.net,468-72-1240,(659)550-2364x52103,1971-07-02,93306.76
706,Jesse Silva,dthomas@example.org,733-60-7361,(263)601-1753x67082,2000-12-17,56100.22
707,Shannon Molina,kevinflores@example.net,143-77-0346,2413634600,2004-02-10,60383.44
708,Victoria Smith,ajohnston@example.net,386-65-4455,646.883.6874x706,1989-07-23,60181.51
709,Justin Murphy,elizabeth37@example.org,494-87-2843,(933)640-9275,1997-10-14,81543.37
710,Ms. Jamie Farley,lpearson@example.net,375-34-0667,288.370.5653,1971-05-28,64878.44
711,Emily Moss,sarahgomez@example.net,274-87-8837,806.229.5592,2002-04-23,42596.41
712,Mackenzie Hughes,grahamashley@example.org,341-46-4784,876.384.5054,1996-04-24,46964.47
713,Nichole Peterson,duncanpatrick@example.com,646-23-0471,510-878-2426x077,1966-05-04,29139.53
714,Dr. Ashley Velasquez,tramos@example.org,734-31-0673,+1-664-701-6084x3541,1966-04-12,42774.57
715,Rebecca Walls,davidcampbell@example.org,817-04-3618,279.361.2083,1992-02-11,26991.98
716,Hayley Taylor,adamthompson@example.org,334-67-2167,(556)747-1888x576,1978-08-17,26511.13
717,Mr. William Grimes MD,sarahwarner@example.org,211-14-5885,001-922-928-3794,1982-03-01,60211.59
718,Kyle Duncan,katherine79@example.net,449-48-7837,+1-330-594-8027x3586,1971-05-27,60120.08
719,Valerie Walter,mchase@example.org,068-63-6179,929.505.0576x193,1999-03-19,31564.56
720,Nicholas Collins,brian96@example.com,194-53-9179,934-679-7923,1980-11-12,34003.53
721,William Strickland,dianelewis@example.net,850-93-0631,(315)543-7517x913,2006-03-16,63334.92
722,Tyler Green,christopher45@example.com,794-20-5780,(959)350-5316x36105,1971-05-13,61616.26
723,Lisa Holmes,sarroyo@example.net,686-48-6461,001-962-985-6260x156,1961-10-30,90096.64
724,Nicholas Lucero,fgamble@example.com,415-30-6000,(415)284-4611x50158,1994-06-14,53567.58
725,James Harrell PhD,gregory22@example.net,032-21-4067,+1-775-603-7494,1976-01-24,25393.86
726,David Gordon,hlucas@example.org,595-98-9753,232-761-3856x50999,1972-04-18,73551.38
727,Ashley Turner,kristina51@example.org,047-69-8327,+1-738-906-2482,1981-08-10,42386.84
728,Ivan Smith,christopher53@example.net,102-19-6671,965.598.5198x487,1997-06-20,26941.85
729,Casey Smith,clayton40@example.org,297-91-2258,5872222323,1963-05-26,68493.75
730,Amy Perez,michael36@example.net,472-96-9812,(888)742-0068x8282,1970-12-02,67816.42
731,Antonio White,lauren26@example.com,016-98-2357,001-825-299-6719x776,1974-05-23,37298.59
732,Shannon Higgins,jason84@example.com,875-09-7577,+1-477-998-4586x53763,1985-12-30,84827.07
733,Walter Butler,abishop@example.net,059-51-0954,(995)807-3307,2001-09-19,73765.41
734,Brian Ford,marybarnett@example.org,135-20-0793,8839435146,1972-02-20,98784.72
735,Jerry Evans,xdelacruz@example.net,530-95-3835,567.432.4189x421,1971-08-14,61735.76
736,Cathy Franklin,brianbrown@example.net,896-40-9047,001-604-431-6300,1982-11-20,41094.90
737,Amanda Garza,andrew01@example.com,895-49-9278,(987)896-9250,1962-01-01,30199.37
738,Nicole Snyder DDS,ryannicole@example.org,808-39-3857,225-272-9770x0876,1987-03-30,25376.70
739,Samantha Harrison,omarramirez@example.com,387-91-6972,742.672.7058x7364,1990-10-26,64754.64
740,Benjamin Webb,andrewspamela@example.org,884-08-1466,8456648779,1974-08-19,63146.48
741,Dennis Parrish,michelle52@example.org,576-10-4761,(950)801-7889x6944,1970-01-21,52275.40
742,Amy Hernandez,brian36@example.com,030-83-4639,(432)559-7323,2000-02-07,94832.23
743,Nancy Wright,garywhite@example.net,764-13-9095,331.545.6580,1975-01-03,57494.87
744,Jack Wilson,jesse92@example.net,461-92-7353,(229)621-2583x161,2003-10-09,78891.77
745,Patricia Morris,steven30@example.org,521-10-4794,(784)714-1594,1965-02-06,45286.05
746,Daniel Francis,dking@example.net,518-92-0521,859-629-0714,1971-06-26,75537.00
747,Martin Reed,kingjose@example.net,308-88-7957,705.674.1230,1998-12-01,42752.86
748,Elizabeth Webb,palmersteven@example.net,376-88-0380,8097461734,2000-06-30,85528.39
749,Steven Shaw,charlene65@example.net,276-92-2915,+1-815-442-4401,1963-03-14,95371.10
750,Joanna Lawrence,carlos30@example.com,383-54-8961,001-889-266-1115x5768,1990-01-28,46458.43
751,Ryan Garcia,pparker@example.net,635-17-5752,+1-807-713-7145x527,1964-07-23,81421.46
752,Jennifer Moon,jamesyates@example.net,274-23-9010,615-547-6385x29045,1993-08-20,84883.36
753,Albert Miller,nathanhenderson@example.net,516-39-1645,(693)797-8040,2003-07-16,43154.24
754,Amanda Mccarthy,devinterry@example.org,510-84-7214,(988)701-5296,1976-07-29,65328.46
755,Pamela Andrews,gaycarmen@example.com,052-65-0074,001-933-441-7440x57142,1998-11-19,88824.10
756,Lisa Sims,hbarry@example.com,834-19-4909,(592)941-0135,1967-11-15,52409.72
757,Cassandra Hamilton,cynthia87@example.org,181-46-3922,509-255-5476,1963-06-09,84725.39
758,William Thomas,perkinsvickie@example.com,849-48-1857,001-349-613-8541,1985-06-28,68745.81
759,Charles Rodriguez,cheryl41@example.net,415-22-4699,+1-865-825-8148x0946,1989-06-05,51028.37
760,Rhonda May,martin28@example.com,451-11-9924,792.964.4974x366,1965-04-27,10795.98
761,Logan Carroll,williamsmason@example.net,749-52-9231,679-977-7918,1967-02-03,36180.76
762,Susan Holmes,victoria10@example.com,817-70-8715,294.826.3793,1982-03-24,50752.68
763,Andrew Moore,robertanderson@example.org,437-24-6316,8128014818,1984-12-29,15052.64
764,John Calhoun,oduncan@example.org,491-42-2310,+1-497-393-5312x01406,1989-11-06,49370.02
765,Abigail Huff,bradley81@example.org,805-97-3903,917.974.8564,1994-06-01,83504.56
766,Sheryl Mccann,jamesalexander@example.com,482-76-7734,001-779-682-9850x039,1983-09-02,74570.42
767,Edward Hood,lsmith@example.org,264-09-2324,+1-469-339-7770x0934,1964-12-01,65177.48
768,Mary Hoffman,mcdanielkayla@example.net,254-65-7348,+1-968-516-0421x7916,2002-06-18,12312.91
769,Annette Choi,hsmith@example.com,530-64-5112,369-207-7412x7030,1997-03-09,75152.44
770,Kimberly Wilson,stacy69@example.org,307-13-0204,672.667.9003,1989-06-14,22943.23
771,Mr. Joseph Dunn Jr.,lauren86@example.org,322-39-5181,249.792.5216x168,1972-12-31,13449.20
772,Thomas Allison PhD,mistybond@example.com,263-60-4924,303-452-9580x4373,2000-03-08,31167.22
773,Whitney Roth,ahamilton@example.net,586-59-1015,(727)925-1504x034,1975-12-07,26946.19
774,Jean Douglas,kendra24@example.com,121-35-9763,761.526.6092x276,1985-04-07,98160.49
775,William Brown,jenniferwashington@example.net,782-74-4259,3554828685,1997-04-25,20432.43
776,Melinda Pierce,aliciatorres@example.net,167-06-2989,001-489-273-8036x03155,1958-11-30,73639.87
777,Theresa Leblanc,jpratt@example.org,820-63-0897,3905437297,1966-12-07,34171.10
778,Bruce Kent,fhodge@example.com,786-58-6881,+1-371-211-2991x69612,1972-05-13,69155.98
779,Kaitlyn Smith,pricethomas@example.com,246-82-4623,754-286-3024,1983-02-27,67696.24
780,Rachel Banks,cromero@example.net,521-64-9775,(533)327-8451,1981-12-01,91669.08
781,Jody Edwards,harrisjohn@example.com,856-65-5872,9656909288,1962-08-15,23817.26
782,Daniel Collins,suttonbrian@example.net,532-03-2420,336-389-1307x37065,1982-11-06,50173.78
783,Anthony Lucas,rsmith@example.com,065-71-4304,+1-296-215-3004x0797,1985-08-25,69870.73
784,Curtis Hall,mcphersonheather@example.org,788-18-6160,746-430-0553,1995-07-14,81666.33
785,Angela Valdez,rmalone@example.net,234-40-7048,001-879-570-0893x151,1975-07-29,24134.68
786,James Cooper,kevinfitzgerald@example.net,829-96-0786,2007504692,2006-04-30,64961.55
787,Jackie Marshall,hillrenee@example.org,180-50-0822,737-970-0325,1985-10-25,79277.09
788,Sergio Nichols,candicehunt@example.net,132-83-4473,001-717-600-8755x4041,1977-12-16,35709.70
789,Victoria Walker,keithmontoya@example.com,832-08-4417,365-483-9077x067,1973-03-10,83678.87
790,Robert Green,hamiltongregory@example.net,138-28-2615,717-792-8103x0828,1985-08-25,80781.43
791,Kelsey Hernandez,harmoncody@example.com,425-92-6831,7424456594,1976-06-24,88991.79
792,Aaron Blake,christopherjordan@example.org,103-73-3841,+1-378-737-8955x4824,1970-08-21,94745.94
793,Sherry Hickman,sarahkim@example.org,869-75-4498,527-716-3449x6268,2001-06-29,19508.99
794,Chelsea Fox,swansonisaac@example.net,323-22-3785,001-374-610-9765,1997-08-11,42999.94
795,Karen Murphy,monroetonya@example.org,723-91-0023,988.566.7454x2277,1977-02-28,18615.68
796,Kelsey Eaton,ywright@example.org,159-43-4744,001-981-849-3956,1967-07-10,33487.00
797,Karen Shelton,anthony94@example.net,854-15-1709,458.300.7679x5927,1979-08-16,99718.66
798,Heather Freeman,laurapeck@example.com,888-72-4355,(324)387-5262,1983-07-08,74424.77
799,Mary Oneill,david38@example.org,110-53-5995,(797)768-7068,1966-09-12,77993.91
800,Barbara Gregory,lmartin@example.com,705-77-5622,(647)829-2053,1971-08-15,64076.22
801,Alvin Anderson,hoodkelly@example.org,088-69-5883,(459)488-2743,2004-12-28,51860.56
802,Dawn Silva,bkemp@example.com,360-52-6355,980.275.3143,1971-12-25,17503.25
803,Donald Mack,jefferyprice@example.org,504-37-1669,298-516-2340x747,1994-01-27,65722.74
804,Rachel Salinas,mbrown@example.net,080-15-8316,(745)357-0779x64437,2005-09-13,81941.38
805,Connor Dunlap,heather23@example.net,783-74-0433,+1-305-522-3488x194,1994-06-11,35269.16
806,Shane Larson,kathryn73@example.net,876-21-0825,718.307.3850x9153,1975-03-30,49581.20
807,Katrina Thompson,bradleyfoster@example.org,415-23-3659,001-948-231-6408x2640,1961-11-11,29272.69
808,Derrick Alvarez,wbond@example.com,076-51-8335,555-475-0113x263,1976-11-20,35713.82
809,Steven Campbell,martinballard@example.com,276-23-9457,263.617.7887x47923,2004-11-04,46316.24
810,Mrs. Anna Oliver,adavis@example.org,568-46-7328,4488917706,1967-10-17,84117.54
811,Christina Harris,drodriguez@example.org,371-25-3361,5545585366,1972-01-09,25564.09
812,Rachel Swanson,jasonmiller@example.org,755-49-0482,353.486.1356x3837,2001-10-27,43209.07
813,James George,michaelpatterson@example.org,682-09-4125,+1-210-824-3696x26776,2004-01-30,83852.63
814,Paul Francis,jeremyvaughn@example.org,623-76-3630,5082573064,1985-11-22,46000.53
815,Dr. Lynn Davis,xsmith@example.com,471-73-5709,001-918-468-5814x8305,1996-09-26,87069.31
816,Hannah Wilson,desiree50@example.net,848-96-8287,001-410-306-5787x2925,1980-11-21,83545.98
817,Mary Lopez,ngordon@example.com,354-41-6066,2279433181,2000-03-09,64753.99
818,Roger Nolan,mrobinson@example.net,409-44-0529,(386)918-3767,2005-11-20,53325.34
819,Tyler Stone,bking@example.org,350-48-0902,466-892-1309x9308,1991-03-17,93766.39
820,Isaiah Sutton,moorelori@example.net,388-16-4234,936-537-6992x870,1988-06-24,64572.79
821,Frank Diaz,humphreysavannah@example.org,385-51-8553,519-213-3650x200,1981-01-03,34552.61
822,Jonathan Ward,christina37@example.org,583-70-5567,925.404.9276,1959-10-26,43094.19
823,Jeremy Wiley,teresa23@example.org,076-69-3493,+1-999-203-6724x470,1982-12-25,45329.52
824,Morgan Lee,johnsonallen@example.net,159-61-1928,001-430-813-9352x312,1977-01-29,76122.96
825,Amanda Weiss,mfoley@example.com,035-62-4136,766-332-8572x4608,1987-10-31,18516.68
826,Robert James,rachel10@example.org,786-53-9071,501.632.9902,1977-03-14,51278.93
827,Toni Tanner,gwillis@example.org,696-01-1752,+1-715-820-6042x13662,1978-06-02,20567.30
828,Joshua Smith,rachelgreen@example.com,488-77-9278,+1-274-305-0470,1991-03-28,94011.72
829,Monica Cross,rebecca10@example.com,177-70-5438,737-379-2997x939,1997-11-26,75501.42
830,Dale Robinson,angela91@example.net,068-84-2767,4998185655,1985-07-16,29861.91
831,Lisa Coleman,jacobfigueroa@example.org,203-30-8284,659-705-2644x8293,1978-07-20,96394.69
832,Steven Rogers,kellilynch@example.com,416-53-8811,877-211-2558x244,1982-06-26,45715.40
833,Tanya Romero,marvin08@example.net,735-79-1013,001-307-256-9552x991,1966-03-25,19468.06
834,Ryan Hayes,theresa37@example.net,185-23-3548,(807)952-0487,2005-11-29,99742.41
835,Savannah Mccarthy,katie91@example.net,341-96-5589,(885)460-9561x4796,1978-11-15,88823.10
836,Julian Holloway,jwilson@example.com,286-19-2898,+1-511-914-9935x668,1978-10-07,23951.13
837,Jennifer Shaw,thomas78@example.com,080-41-2071,827.723.7201x7419,1960-06-17,62553.31
838,Margaret Cantrell,joycewilliam@example.org,313-53-7986,+1-476-921-9797x800,1963-11-10,90556.16
839,Amber Juarez,taylor53@example.com,132-35-6475,001-394-640-6609x453,1974-03-27,72106.56
840,Michael Hunt,deniseray@example.com,104-13-0481,+1-988-485-8308x786,1962-06-20,73491.46
841,Joseph Taylor,uliu@example.com,760-45-9902,212-312-8468x617,1996-06-03,65242.18
842,James Young,gatesandrea@example.com,843-08-2182,3867156940,1982-12-21,21731.32
843,Tammy Burton,anthony20@example.com,441-76-2291,(848)947-7263x316,1974-09-14,55273.30
844,Chelsea Arellano,larsontina@example.org,389-93-3149,001-708-969-5057x409,1966-09-29,43391.33
845,Nicole Ferguson,francismichelle@example.net,442-05-3557,354-234-0659,2000-10-20,60256.93
846,Emma Hamilton,kathleenhenry@example.net,346-41-4173,6054418506,1974-09-16,78823.73
847,Richard Rivera,gjackson@example.net,770-09-5328,001-511-631-1177x8384,1984-12-06,80448.71
848,Christopher Williams,kingsabrina@example.com,485-93-7686,(990)853-5984x58268,1982-08-17,43792.44
849,Lindsey Doyle,sherishepherd@example.com,540-02-3870,325-478-8048,1962-10-27,10037.93
850,Matthew Leon,ashleyflowers@example.com,701-32-4247,(778)682-7233,1974-02-02,28707.06
851,Zachary Clark,vclark@example.org,885-85-2521,(278)201-7509x8850,2002-10-03,64681.45
852,Suzanne Zimmerman,robert30@example.com,575-36-2801,(927)654-9141x38420,1987-01-20,89003.81
853,Bryan Miller,matthewjones@example.org,701-19-2332,001-871-544-8244,1977-11-27,65100.28
854,Kelly Duarte,johnjones@example.net,628-08-9180,001-287-400-9470x5839,1962-12-30,99579.52
855,Elizabeth Cole,kristyhurst@example.org,137-23-1582,905.717.0022,1967-07-14,27190.45
856,Larry Strickland,vanessa31@example.com,454-74-3509,(329)938-0688x21219,1987-02-15,82377.68
857,Amy Newman,brianbrady@example.org,829-84-1766,392-216-5963x08265,1960-01-27,78603.14
858,Michael Montes,elizabeth35@example.com,663-39-3406,+1-981-261-8673,1975-03-19,26439.07
859,Veronica Ball,vholmes@example.net,875-77-6234,9747153733,1982-09-26,60194.76
860,Karl Mills,qtaylor@example.net,005-99-5060,738.682.0850,1995-10-10,73524.37
861,Becky Mann,vpugh@example.com,670-07-7914,376-606-3578x535,1981-01-04,70709.82
862,Mathew Suarez,wrightnatalie@example.com,211-57-3524,657-892-3326x731,1982-12-25,69386.40
863,Amber Green,knoxmichele@example.org,738-70-5657,(671)456-9336,1982-11-02,24830.92
864,David Taylor,jmack@example.com,042-25-4030,+1-970-319-0970x108,1995-05-16,82628.51
865,Christopher Diaz,vancejoanna@example.net,040-91-8931,001-609-598-4790x002,1965-05-08,26927.34
866,Michael Valdez,smithlance@example.net,050-91-0560,+1-349-220-5505x8706,1959-02-09,37845.14
867,Meredith Tucker,msmith@example.com,399-03-2488,(437)262-1339,1996-03-03,81965.43
868,Jeffrey Watson,brenda45@example.net,544-75-0857,799-533-8518x65011,1979-12-09,99124.12
869,Donna Mcclain,caitlinrosales@example.com,763-62-3881,+1-684-210-7159x45273,1995-05-14,78289.08
870,Laurie Adams,shelbycummings@example.net,897-42-7469,(962)307-8960x6929,1969-12-29,11043.56
871,Melanie Blair,kristen96@example.org,322-29-5576,(553)906-6963,1978-12-10,70658.03
872,Justin Robinson,kim21@example.org,796-61-1893,872-943-0093x08582,1997-02-12,89596.37
873,Kevin Powell,garciamaria@example.org,090-62-1323,9074321059,1967-07-05,78323.03
874,Tim Bowman,felicia98@example.net,675-37-1011,(463)234-5251x304,1992-06-08,18573.66
875,Timothy Vasquez,umurray@example.org,442-92-0868,9986763560,1967-07-11,93106.73
876,Penny Bryant,jeffreyharris@example.org,530-41-2466,+1-541-954-3704x15758,1974-11-09,45347.49
877,Sheila Roberts,nathan23@example.com,175-67-2558,223-561-4864x398,1996-10-13,65091.82
878,Patrick Davis,alicia99@example.net,160-50-7737,8437718966,1997-01-13,18536.59
879,Jeffrey Owens,mcconnellalexander@example.com,553-61-0535,527.243.8327x8636,2004-04-15,73916.94
880,Thomas Moran,paulho@example.org,441-66-4050,454-677-2603,1980-03-06,90799.33
881,Jonathan Smith,smitheric@example.com,736-83-1046,(711)665-9423x1252,1960-09-29,41623.19
882,Melissa Bryant,mlam@example.net,466-68-9880,001-570-764-8550,1974-01-22,67465.21
883,Mark Patterson,dbarber@example.net,695-80-8497,424.840.6444x12590,1988-07-25,20698.15
884,Leonard Cook,zacharyjohnson@example.com,308-93-8067,(432)656-2561,1958-08-29,27627.26
885,Deborah Suarez,katherinerivera@example.org,410-88-1419,(414)226-5734x883,1971-12-17,72730.86
886,Dr. Seth Jackson,michael37@example.org,566-80-3676,764.370.0163x4495,1989-12-19,87747.42
887,Cameron Peterson,elizabeth22@example.com,098-64-6864,5947560082,1982-12-15,70874.30
888,Mark Chavez,jessica91@example.net,535-33-8418,310-940-8398x4253,1963-08-22,14022.68
889,April Newman,obrown@example.com,537-74-9064,+1-462-570-4533x06592,1981-12-14,31701.43
890,Daniel Davis,regina63@example.net,161-53-0800,879.611.4393x09287,1983-11-27,61690.75
891,Melissa Matthews,urowland@example.net,595-81-5836,(791)398-2218,2001-11-11,57804.91
892,Nathan Stevenson,bbrown@example.org,008-61-6857,5073545403,1978-10-08,38627.48
893,Karen Carpenter,garzawilliam@example.org,193-84-2307,001-894-887-5285x4120,2006-04-28,54580.29
894,Kathleen Bennett,frederickglover@example.com,418-12-0532,472.577.8190x0487,1991-06-11,22931.27
895,Troy Nelson,catherine69@example.org,027-71-5837,+1-764-972-3028x502,1988-05-11,50860.68
896,Jordan Bailey,varmstrong@example.com,216-84-2399,001-719-517-7158x208,1981-07-05,29255.79
897,Jacob Lynn,udonaldson@example.net,475-20-9080,001-281-806-1991x3266,1998-07-11,61173.58
898,Victoria Jackson,diazmelissa@example.net,688-02-2976,(887)517-6165x98873,2004-05-07,64442.97
899,Richard Brown,kyang@example.org,853-35-4485,(863)257-9343x34187,1977-05-10,72627.11
900,George Johnson,richard53@example.com,430-36-6884,878-259-2576x371,1990-05-26,96526.05
901,Joseph Brown,qpope@example.com,699-75-6052,775.822.8730x80378,2003-10-05,70273.75
902,Michael Hamilton,hogancristian@example.org,554-51-8416,001-938-458-6780,1999-08-16,39605.01
903,James Carter,meltonnicole@example.org,145-34-8451,+1-255-224-2308,1981-07-05,78009.88
904,Cynthia Bell,mcclurecharles@example.com,534-42-8025,+1-923-608-2894x1181,1987-09-20,79116.79
905,Douglas Ramirez,logan37@example.com,629-75-4890,+1-225-492-0255x49303,1959-07-11,46429.92
906,Brenda Morrow,nathan78@example.com,680-23-4909,953.702.5495x9478,2004-07-19,46223.02
907,Melissa Terry,thomas10@example.net,701-78-1952,+1-640-368-8649x894,1976-03-01,31094.84
908,Andrea Hall,kimberlyevans@example.net,872-32-0744,674.370.4700x83358,1970-06-05,70651.56
909,Erin Dixon,veronicavargas@example.com,728-63-6839,001-498-547-5518x35095,1998-05-04,24456.22
910,Melissa Gonzales,willie10@example.com,310-76-6674,475.444.8246x90422,1965-09-21,26464.05
911,Kelly Yates,igraham@example.com,523-04-7261,272.383.8759,2003-11-28,36684.11
912,Michael Watts,kristinthompson@example.org,435-29-7613,521-760-0832,1962-03-21,62254.50
913,Michelle Martin,amanda08@example.net,805-71-7248,280.558.8898x326,1998-10-03,59576.04
914,Amanda Bell,michele97@example.net,755-17-5997,(385)717-7337x36429,2004-04-03,38067.60
915,Stephanie Shaw,sarah80@example.org,882-94-9215,+1-943-835-6248x753,1981-12-22,55697.97
916,Kristin Warner,ortizdonna@example.com,319-66-1317,001-719-777-8877x929,1964-06-07,44636.84
917,Matthew Villarreal,garciaamanda@example.org,029-22-7778,658-428-1537x53779,1962-04-26,48696.48
918,Cynthia Carroll MD,raymond11@example.net,732-72-4786,(232)202-7866x7912,1973-04-29,99235.28
919,Veronica Hays,samanthathomas@example.net,020-25-0415,001-714-373-8920,1967-01-25,15330.97
920,Jessica Fuller,scott65@example.com,073-94-1734,666.908.4614,1995-07-14,12138.24
921,Susan Johnson,qmata@example.org,703-34-4945,001-632-638-6578x87543,1991-06-08,77737.47
922,Melissa Ryan,jessicawright@example.org,122-27-8521,001-879-538-6690x6589,1969-03-12,22678.10
923,Denise Carey,wandawise@example.net,116-15-5665,+1-929-408-0818x875,1997-09-29,24368.98
924,Vanessa Yang,gary51@example.com,058-62-4769,(642)383-6847,1999-02-11,32565.55
925,Rebekah Romero,lance61@example.com,584-05-4985,7683820618,1963-11-09,17057.50
926,Miss Colleen Underwood,shafferfrank@example.net,105-61-7795,+1-373-244-6546,1971-09-21,42959.56
927,Louis Ramirez,onealjose@example.org,150-20-8293,+1-708-647-5178x02808,1959-09-30,22680.48
928,Ashley Rodgers,johnduffy@example.com,041-15-0131,(737)815-1284,1983-11-13,52714.00
929,Ryan Kent,kathyhart@example.com,194-80-0158,839-933-1484,1997-07-06,50768.79
930,Jeff Ramirez,cgoodman@example.com,177-88-0921,965-697-1550x54454,1961-09-14,41279.01
931,Christian Baker,bailey88@example.org,828-41-3096,001-996-336-0226x01278,1968-12-22,78920.65
932,Jeremy Anderson,katherinebenson@example.org,423-62-4189,(525)986-9731x833,1988-04-28,71087.19
933,Laura Harris,williamsrenee@example.com,361-80-4559,001-214-572-2993x71480,1975-01-25,61641.09
934,Zachary Guerra,reedanthony@example.org,081-74-4942,473.327.3591x593,1989-10-28,40250.67
935,Steven Lowery,tasha39@example.net,810-91-6014,826-778-7031x84560,1976-06-16,57742.76
936,Michael Collins,michaelarmstrong@example.net,293-61-2426,493.361.7938,2006-01-26,79259.82
937,Michael Jackson,randerson@example.net,318-09-8944,(446)452-9459,1997-05-30,44586.90
938,Robert Hill,zavalashannon@example.com,001-94-8860,001-684-925-5761x8055,1977-01-17,10460.43
939,Traci Webb,ningram@example.com,034-74-7179,387-918-5805x25693,1972-04-09,40811.04
940,Kevin Dunn,elizabethsanchez@example.net,562-31-2970,704.863.4837x727,1983-12-15,40321.32
941,Thomas Lee,kvasquez@example.org,011-41-7893,442-542-9365x3094,2006-02-24,84062.71
942,Jacqueline Hubbard,odickson@example.com,748-22-5923,258.968.5711,1986-12-24,78167.13
943,Jonathan Fletcher,cbrown@example.org,258-58-3952,(307)912-7744x3878,1968-03-26,89217.27
944,Martin Diaz,lewiswillie@example.net,447-54-2661,207.696.8528x2609,1980-06-26,24207.45
945,John Miller,saundersconnor@example.org,412-66-0498,001-511-536-9452,2001-07-04,45343.97
946,Luke Smith,kingkaitlyn@example.com,002-20-3730,566-284-3093x535,1969-10-04,80244.64
947,Linda Martinez,palmererin@example.net,552-01-3923,328-213-5833x642,1976-05-21,85007.14
948,Kenneth Patel,jrichmond@example.com,521-05-3538,(340)768-4461,1983-04-03,11508.47
949,Brenda Harris,smontgomery@example.org,040-28-0084,490-980-2551,2000-08-03,55617.65
950,Brett Hicks,kylejackson@example.org,080-07-6023,001-279-799-4613x96819,2005-01-22,40662.81
951,Scott Shepherd Jr.,donnaharris@example.com,148-06-7603,(742)574-2482,2006-07-23,15503.47
952,Susan Pacheco,tgonzalez@example.com,559-81-3841,7154185786,2001-12-23,16085.19
953,Tonya Kane,ediaz@example.org,850-09-9188,(492)432-4411x58720,1980-07-07,77882.18
954,Benjamin Krause,dchristensen@example.org,485-34-2372,760-293-5605,1980-04-01,54090.77
955,Victor Anderson,karen73@example.com,294-96-8922,734.539.1016,1968-09-06,41979.33
956,Dr. Jessica Fleming,cunninghamtiffany@example.com,665-32-6119,+1-363-922-4472x2073,1998-06-16,12713.28
957,Christopher Cantrell,william72@example.net,477-98-1390,517-951-6594,1973-01-12,85389.61
958,Zoe Mays,nguyenchristopher@example.com,192-49-3574,655-974-9463,1969-11-23,70381.32
959,Jennifer Hall,gjenkins@example.com,336-36-7004,001-637-733-2922x1902,1995-04-18,94575.29
960,Linda Hernandez,johnsonjared@example.org,149-21-4184,(509)856-4834,1975-11-06,18089.85
961,Robert Christian,rojasadam@example.org,744-68-4254,(482)829-1283,1964-04-05,59959.39
962,Heather Black,eingram@example.net,858-14-6221,001-484-269-9366x27665,1994-01-31,15504.90
963,Theresa Chapman,angelaperez@example.net,322-79-5337,001-325-803-8263x4887,2004-09-18,75062.85
964,Erin Lozano,diane87@example.net,780-55-9265,9279684956,2004-11-12,51602.54
965,Kevin Parker,bentonryan@example.net,884-77-6897,5689895891,1976-05-04,90109.64
966,Wendy Shepherd,lisa09@example.net,154-74-3602,(703)437-0437x49280,2001-09-23,32166.20
967,Jeffrey Ritter,laura64@example.net,234-72-4675,830.544.1805x4909,1999-05-08,10176.58
968,Jennifer Brown,dhenry@example.net,671-26-6558,001-851-539-4254x73731,1978-02-12,52617.67
969,William Shields,lauren96@example.org,252-70-2271,+1-793-992-7129x19743,1966-03-26,41679.73
970,Andre Rodriguez PhD,rodriguezelijah@example.net,137-65-0138,(660)290-4527x0043,2002-10-17,17417.97
971,Patrick Yang,lunawilliam@example.net,513-94-8384,+1-548-719-2820x5070,1993-10-14,42019.89
972,Carrie Williams,scottcarl@example.org,366-35-1080,831.972.3688x93081,1987-03-02,45641.59
973,Christina Jennings,austin37@example.com,356-93-1296,521-786-9540x51177,1966-08-07,95389.34
974,Morgan Stewart,pacejennifer@example.com,039-48-8535,+1-472-421-9519x35391,1992-02-01,56215.19
975,Javier Williams,qgonzalez@example.net,501-16-6989,6324476919,2002-07-31,17665.21
976,Austin May,ocruz@example.net,488-37-7876,+1-575-381-1976,1989-06-14,57259.24
977,Pamela Johnson,bennettapril@example.net,315-98-5196,001-636-407-0057x354,1975-07-13,52134.52
978,Matthew Manning,fosterrobert@example.org,752-27-6618,001-256-861-4553x4754,1967-04-02,15665.71
979,Keith Becker,bkrause@example.org,271-78-6481,+1-379-388-6214x79335,1991-07-13,52126.36
980,Melissa Wilson,betty60@example.net,415-62-9261,722-966-1972x70705,1974-03-07,86609.71
981,Austin Turner,michelle28@example.net,522-19-0203,974.295.3485,2005-11-04,29172.07
982,Danielle Torres,thomassandra@example.com,641-42-2104,247.266.3709,1981-01-08,27763.21
983,Brandon Williams,washingtonamy@example.net,243-94-6829,373.702.7103x00317,1983-05-23,60238.81
984,Marissa Cherry,morganjames@example.org,102-08-7712,+1-880-925-8354x2573,2000-03-28,48846.72
985,Jorge Hansen,jacob53@example.net,358-71-4181,(475)951-0744,1987-05-25,47376.35
986,George Solis,aschultz@example.net,835-91-7358,433.218.8725x774,1977-09-28,38716.94
987,Dana Hunter,pthomas@example.com,213-62-6196,837.315.3565,1965-10-24,20591.75
988,Emily Jones,christopherhurley@example.org,278-33-9946,8287064109,1992-11-30,18195.78
989,Stephen Sellers,jared09@example.com,058-67-1199,(786)492-6884x76552,2004-09-11,61716.32
990,Brianna Thompson,jessica02@example.com,387-35-2774,+1-345-642-1366x93797,1982-08-02,99375.19
991,Jennifer Phillips,gabrielleho@example.net,496-65-7040,776.885.2658,1994-12-15,14577.91
992,Julie Mitchell,jeanette08@example.com,190-58-9807,(422)885-0819x174,1969-09-04,84011.67
993,Emily Harris,ecruz@example.net,021-38-5948,876.603.6232x307,1986-03-01,41501.28
994,Danielle Little,codybender@example.org,145-07-2208,567-387-7301,2003-07-07,90299.18
995,Scott Rich,mary52@example.net,204-70-8980,798-744-6756x59477,1994-01-05,72402.40
996,Kelly Palmer,tommyhaynes@example.org,251-76-9431,272.513.5420x2263,1988-04-19,23781.98
997,Jennifer Cardenas,justinhall@example.net,083-02-6575,+1-838-450-7355x239,2000-05-16,32959.24
998,Larry Gross,todd84@example.com,616-88-2361,219-558-9613,1985-06-22,95375.81
999,Brian Chapman,zhangjerry@example.net,845-88-7494,+1-586-733-7070x679,1976-03-30,83164.54
